id,name_ja,category,file,native_file,source,source_row,source_column,crop_xyxy,native_size,width_px,height_px,preview_grid_cells,original_footprint_known,anchor,alpha,resampling,scale_xy,style_group,connections_verified,seamless_verified,sha256,native_sha256
map_dirt_sparse,土地・まばらな草,land,terrain/tiles_64/map_dirt_sparse.png,terrain/source_crops/map_dirt_sparse.png,01-1000263623.png,1,1,"[80, 56, 281, 249]","[201, 193]",64,64,"[1, 1]",False,top_left,opaque,nearest_to_square,"[0.31840796019900497, 0.3316062176165803]",core,False,False,5782a44cb999d59ccd1e22313bd662faf271b0fad77e4eee47060676e2a9dd81,77ec57433c9da86a46ae1930a55f0a99259c2fe3ebe652092a456af967e3a44c
map_dirt_stones,土地・小石,land,terrain/tiles_64/map_dirt_stones.png,terrain/source_crops/map_dirt_stones.png,01-1000263623.png,1,4,"[961, 56, 1162, 249]","[201, 193]",64,64,"[1, 1]",False,top_left,opaque,nearest_to_square,"[0.31840796019900497, 0.3316062176165803]",core,False,False,8424df71a0645ff7a022ad2f99bc6ec929b5f61e71f4b663f20814bd5bf8427e,64651d137c317a9200dc6cc21ccd1f19f285326d9a5bdd456c1da3737af046f3
map_dirt_weeds,土地・雑草,land,terrain/tiles_64/map_dirt_weeds.png,terrain/source_crops/map_dirt_weeds.png,01-1000263623.png,1,2,"[373, 56, 574, 249]","[201, 193]",64,64,"[1, 1]",False,top_left,opaque,nearest_to_square,"[0.31840796019900497, 0.3316062176165803]",core,False,False,d3f6e7cde861f068eaeb7bda59d05fa0d3240427e57436c967b7ae3c876e2e39,e92499499e6123f2c9331ae6c8a862c8f6c853b233d827d1fb37c39fcefb95a6
map_forest_clearing,森林・空き地,land,terrain/tiles_64/map_forest_clearing.png,terrain/source_crops/map_forest_clearing.png,01-1000263623.png,5,2,"[372, 906, 574, 1098]","[202, 192]",64,64,"[1, 1]",False,top_left,opaque,nearest_to_square,"[0.31683168316831684, 0.3333333333333333]",core,False,False,578e0f2b759d6ee0b560e2b95a6805df9b1862bdf24de37e2942c1ebbbaa6ca4,975f51f00c5ba132d25c317891ff5b454f0b87220e6ac32feef377fc1f8c3a44
map_forest_dense,森林・密集,land,terrain/tiles_64/map_forest_dense.png,terrain/source_crops/map_forest_dense.png,01-1000263623.png,5,1,"[80, 906, 281, 1098]","[201, 192]",64,64,"[1, 1]",False,top_left,opaque,nearest_to_square,"[0.31840796019900497, 0.3333333333333333]",core,False,False,36e598cf93d69a1fd7968317c16a4077be5bf79fb3ff6626e449fc52e5411035,a581f686851615207b5cf50efbf8cbd03a4984fd8e873e4c86fc33f7716dab26
map_grass_dirt,草地・土の露出,land,terrain/tiles_64/map_grass_dirt.png,terrain/source_crops/map_grass_dirt.png,01-1000263623.png,2,5,"[1255, 271, 1457, 463]","[202, 192]",64,64,"[1, 1]",False,top_left,opaque,nearest_to_square,"[0.31683168316831684, 0.3333333333333333]",core,False,False,cae16939a49c0cca0f6908be892f3dba74af59e4b3cd73a1db477f39252d548e,198618f7689f23fbf66bde20820eeee2ab45904875695b14e1c37196b49d327e
map_grass_flowers,草地・黄色い花,land,terrain/tiles_64/map_grass_flowers.png,terrain/source_crops/map_grass_flowers.png,01-1000263623.png,2,3,"[668, 271, 868, 463]","[200, 192]",64,64,"[1, 1]",False,top_left,opaque,nearest_to_square,"[0.32, 0.3333333333333333]",core,False,False,2191b747dd51bde5cc7f754ff80d3fdd7b23f84c5f25f7733fc9846347446934,6c768c9c70dfe2b21d85c47ba02ace2ae1c1d2ed4666903babb3f9ea4e7de5b4
map_grass_plain,草地,land,terrain/tiles_64/map_grass_plain.png,terrain/source_crops/map_grass_plain.png,01-1000263623.png,2,1,"[80, 271, 281, 463]","[201, 192]",64,64,"[1, 1]",False,top_left,opaque,nearest_to_square,"[0.31840796019900497, 0.3333333333333333]",core,False,False,3e50c821e52978552dbd38b556829758028a94ad88e483373f64b543e8d74259,68aebb855c954946ba32a243bd90f5429f3df8de3e3c1384a75a8a1fe00ebed0
map_grass_tall,草地・背の高い草,land,terrain/tiles_64/map_grass_tall.png,terrain/source_crops/map_grass_tall.png,01-1000263623.png,2,4,"[961, 271, 1163, 463]","[202, 192]",64,64,"[1, 1]",False,top_left,opaque,nearest_to_square,"[0.31683168316831684, 0.3333333333333333]",core,False,False,8069ef7fb38bf0061b7c8ef395d4324973752b659544239f36e77718acac67be,f02ec90e549913d912936a20f94764e915b8030d325228c77b082f310e3a76ad
map_shrubs_dirt,低木・土の露出,land,terrain/tiles_64/map_shrubs_dirt.png,terrain/source_crops/map_shrubs_dirt.png,01-1000263623.png,3,4,"[961, 486, 1162, 673]","[201, 187]",64,64,"[1, 1]",False,top_left,opaque,nearest_to_square,"[0.31840796019900497, 0.3422459893048128]",core,False,False,0d872df190cddedbf7bd129bbd8c1ece1374cba518d5b3f93e4ff8581a15853d,c0cdf0213eaf1044a606273515fd1061e1319051547ff5d104d887b3ec405d65
map_shrubs_flowers,低木・花,land,terrain/tiles_64/map_shrubs_flowers.png,terrain/source_crops/map_shrubs_flowers.png,01-1000263623.png,3,3,"[667, 486, 868, 673]","[201, 187]",64,64,"[1, 1]",False,top_left,opaque,nearest_to_square,"[0.31840796019900497, 0.3422459893048128]",core,False,False,04b5b90f85dcfa9c4f0aa80d2208778f0ab69d3a90dcfd2d389c16138502001a,4f04b6e1b9c2c698dfcc2feb230c619d3f4e6abbfd048f00a63d0eeeaddf736a
map_shrubs_large,低木・大型,land,terrain/tiles_64/map_shrubs_large.png,terrain/source_crops/map_shrubs_large.png,01-1000263623.png,3,2,"[372, 486, 574, 673]","[202, 187]",64,64,"[1, 1]",False,top_left,opaque,nearest_to_square,"[0.31683168316831684, 0.3422459893048128]",core,False,False,30d079bb0f6e764519920326f0571b07d5072e81ef7c2b0b13fca352e7b756b7,6ec78beb583b0dc2df97b0b2fac92aece37b837067fca619bee0e2e21825905e
map_shrubs_sparse,低木・小型,land,terrain/tiles_64/map_shrubs_sparse.png,terrain/source_crops/map_shrubs_sparse.png,01-1000263623.png,3,1,"[80, 486, 281, 673]","[201, 187]",64,64,"[1, 1]",False,top_left,opaque,nearest_to_square,"[0.31840796019900497, 0.3422459893048128]",core,False,False,53101b197435828946237856757d649cf26378b7094f3cf83812f696a4a88c89,21a2ebd84e3c94d6ad46877efa634f5b4d03dd58d6f2aaab3a3c5bde71469d5f
map_trees_clearing,樹木・空き地,land,terrain/tiles_64/map_trees_clearing.png,terrain/source_crops/map_trees_clearing.png,01-1000263623.png,4,2,"[372, 695, 574, 886]","[202, 191]",64,64,"[1, 1]",False,top_left,opaque,nearest_to_square,"[0.31683168316831684, 0.33507853403141363]",core,False,False,30a35bf43dcf2bf9ef13b30dda5e13b7e049b0a416bfd5ff31c2fbd9b98c713a,df48ac726572dd0e1ccb4f63163b4d87ac8adccfb78e68bfa4a2f1d807b12d21
map_trees_medium,樹木・中密度,land,terrain/tiles_64/map_trees_medium.png,terrain/source_crops/map_trees_medium.png,01-1000263623.png,4,4,"[962, 695, 1163, 886]","[201, 191]",64,64,"[1, 1]",False,top_left,opaque,nearest_to_square,"[0.31840796019900497, 0.33507853403141363]",core,False,False,db7b81ec645227104b547780f765dc3e8bbd39a333d0f8ff8e6c2a4e23bceb45,9fa4fb79af36b3d7a759422532520e90296b1a8ad7f1882ee951db6fff9075a3
map_trees_sparse,樹木・疎林,land,terrain/tiles_64/map_trees_sparse.png,terrain/source_crops/map_trees_sparse.png,01-1000263623.png,4,1,"[80, 695, 281, 886]","[201, 191]",64,64,"[1, 1]",False,top_left,opaque,nearest_to_square,"[0.31840796019900497, 0.33507853403141363]",core,False,False,fe415a5161e695551cdcf94d17be474414b8f8b001c43adcc9629ff6d67dd136,2fba46edd879506863bb0c2795f97e0693586d091770e5eb356c566ec6a2c605
map_concrete,コンクリート,material,terrain/tiles_64/map_concrete.png,terrain/source_crops/map_concrete.png,05-1000263627.png,10,4,"[355, 1353, 450, 1472]","[95, 119]",64,64,"[1, 1]",False,top_left,opaque,nearest_to_square,"[0.6736842105263158, 0.5378151260504201]",supplement,False,False,54cffd0028067506ec6e8e433fd4f23e56b878f8b751fde280fd1bc4df2461df,df52f90037814cfad52b11df3e1b716c2007caa6f33a9a37d137a8a28c26aa54
map_gravel,砂利,material,terrain/tiles_64/map_gravel.png,terrain/source_crops/map_gravel.png,05-1000263627.png,10,5,"[466, 1353, 561, 1472]","[95, 119]",64,64,"[1, 1]",False,top_left,opaque,nearest_to_square,"[0.6736842105263158, 0.5378151260504201]",supplement,False,False,c616a12b1aeb1f973c18c2a16d691a626ad0eb5efb064fa1e26a6453c1612c82,9ee142f332e07e0469426845c010fdc3aac7c28d9300c4405f9af872625183f8
map_paving_weeds,舗石・雑草,material,terrain/tiles_64/map_paving_weeds.png,terrain/source_crops/map_paving_weeds.png,05-1000263627.png,10,6,"[577, 1353, 672, 1473]","[95, 120]",64,64,"[1, 1]",False,top_left,opaque,nearest_to_square,"[0.6736842105263158, 0.5333333333333333]",supplement,False,False,2615d4ef5bff10ebb5ec5d82b32ebda335d4e79498247a643dbd0cf4bb8810a1,f6cea718e22a0a9413bb2388842c7baedfdb8eb591f42294853c943fdb1d7ebb
map_sand,砂地,material,terrain/tiles_64/map_sand.png,terrain/source_crops/map_sand.png,05-1000263627.png,10,9,"[908, 1353, 1003, 1473]","[95, 120]",64,64,"[1, 1]",False,top_left,opaque,nearest_to_square,"[0.6736842105263158, 0.5333333333333333]",supplement,False,False,80043cfc2e74926fe4e8300769c2582b6c3b60881329e3ca704b921305be65a1,ec4f91413fd9eec16ff0b95b0640692146a7240540dba0e9c609c73d638c5d4b
map_soil_dark,土地・濃色,material,terrain/tiles_64/map_soil_dark.png,terrain/source_crops/map_soil_dark.png,05-1000263627.png,10,10,"[1019, 1353, 1115, 1472]","[96, 119]",64,64,"[1, 1]",False,top_left,opaque,nearest_to_square,"[0.6666666666666666, 0.5378151260504201]",supplement,False,False,a57cf5217dfd9edff2adc33b66fcae1b0a1e92ce51e7d7dbc4b363a4c1241cbe,0e84831f04023b67798c3054d94925d003335d976e00d58fef21b9fab8d3a277
map_wood_dark,木床・濃色,material,terrain/tiles_64/map_wood_dark.png,terrain/source_crops/map_wood_dark.png,05-1000263627.png,10,7,"[687, 1353, 782, 1473]","[95, 120]",64,64,"[1, 1]",False,top_left,opaque,nearest_to_square,"[0.6736842105263158, 0.5333333333333333]",supplement,False,False,b5a5f7e0e0980072ca7ad29974140f7a8a01f4e1be8e85afb3257fc37d7a2fd0,a43f1e9117f3797f61f0e2ff510ade9c6ea367708ba447f4ceeae9d41b6f6de8
map_wood_light,木床・明色,material,terrain/tiles_64/map_wood_light.png,terrain/source_crops/map_wood_light.png,05-1000263627.png,10,8,"[798, 1353, 892, 1472]","[94, 119]",64,64,"[1, 1]",False,top_left,opaque,nearest_to_square,"[0.6808510638297872, 0.5378151260504201]",supplement,False,False,d3f6115ba7abcf943ca0a9e84e0cfcc544b67e0ed93561ed0a80ca37e34cf12d,82841ecc705e3c1bdcb3191f860d35b161046ea4629343b4ae7d05da15a1ffaf
map_sidewalk_cross,歩道・十字,path,terrain/tiles_64/map_sidewalk_cross.png,terrain/source_crops/map_sidewalk_cross.png,10-1000263629.png,7,5,"[626, 1189, 759, 1379]","[133, 190]",64,64,"[1, 1]",False,top_left,opaque,nearest_to_square,"[0.48120300751879697, 0.3368421052631579]",supplement,False,False,6141d445a7d82ef42a063379cc8eddda3ff9da289d3fc33995e8531bda9d33e8,7c1d0024a3985c49d7b9ae437a4b0ea21d91b435eeca93cbf732aa817c5dd67d
map_sidewalk_es,歩道・東南カーブ,path,terrain/tiles_64/map_sidewalk_es.png,terrain/source_crops/map_sidewalk_es.png,10-1000263629.png,6,8,"[1082, 966, 1215, 1168]","[133, 202]",64,64,"[1, 1]",False,top_left,opaque,nearest_to_square,"[0.48120300751879697, 0.31683168316831684]",supplement,False,False,3f41c46ff91bc0b96ceedbc767016f196276e9ef7c1d3f43b2fdc7d888336c6d,15f19446c575de99971f1849c81d80b78645e37a991db578e27ef7b0531a7c67
map_sidewalk_ew,歩道・東西,path,terrain/tiles_64/map_sidewalk_ew.png,terrain/source_crops/map_sidewalk_ew.png,10-1000263629.png,7,3,"[321, 1189, 454, 1379]","[133, 190]",64,64,"[1, 1]",False,top_left,opaque,nearest_to_square,"[0.48120300751879697, 0.3368421052631579]",supplement,False,False,7f8c69e7136ea61602013d8c0e82a8d448522fe1c5bac5307d59aaf2f87958ac,36b824b788f1ff49f16e9ac2ffa10b4aff3aafa7f4354982731082757aca7afc
map_sidewalk_ne,歩道・北東カーブ,path,terrain/tiles_64/map_sidewalk_ne.png,terrain/source_crops/map_sidewalk_ne.png,10-1000263629.png,6,10,"[1382, 966, 1514, 1168]","[132, 202]",64,64,"[1, 1]",False,top_left,opaque,nearest_to_square,"[0.48484848484848486, 0.31683168316831684]",supplement,False,False,355d4293044b3c85a356fd58f4a7e53a83be258cf176b4c60e4398c954749c0c,602ee480a7664634e849115cdf5aec7090d9f73d025c88ba8e1f693ca085ac33
map_sidewalk_ns,歩道・南北,path,terrain/tiles_64/map_sidewalk_ns.png,terrain/source_crops/map_sidewalk_ns.png,10-1000263629.png,6,6,"[777, 966, 910, 1168]","[133, 202]",64,64,"[1, 1]",False,top_left,opaque,nearest_to_square,"[0.48120300751879697, 0.31683168316831684]",supplement,False,False,d81554b87d81b2081fb7cbe0d1a2b2885e47f09617531199980f8c143770a56a,de62696fce750fe698cb3813ffaed8c8809964a5b21ec7a0b880f4d02055494d
map_sidewalk_nw,歩道・北西カーブ,path,terrain/tiles_64/map_sidewalk_nw.png,terrain/source_crops/map_sidewalk_nw.png,10-1000263629.png,6,9,"[1234, 966, 1364, 1168]","[130, 202]",64,64,"[1, 1]",False,top_left,opaque,nearest_to_square,"[0.49230769230769234, 0.31683168316831684]",supplement,False,False,24dd8c9fe358cdfbc19e3d7ecaa79d4a3038e0fcda9a1845c7101a648b2e6bc3,df2440a91e1e0a00c1639f55efd334889b26aa043d1106e49d3fb07ae0c57d0b
map_bench_flowers,広場・ベンチと花壇,plaza,terrain/tiles_64/map_bench_flowers.png,terrain/source_crops/map_bench_flowers.png,06-1000263628.png,9,3,"[322, 1296, 455, 1431]","[133, 135]",64,64,"[1, 1]",False,top_left,opaque,nearest_to_square,"[0.48120300751879697, 0.4740740740740741]",supplement,False,False,d52b6dba1ae3e50bad1ba8bfef028af9c0e3a5e71bb582f18ac5f9b4bf6d4116,9c947c9ffc9f3dfb4a925a39c4389a9fbbf70212d9c440667415a725fc775679
map_flowerbed,広場・花壇,plaza,terrain/tiles_64/map_flowerbed.png,terrain/source_crops/map_flowerbed.png,06-1000263628.png,9,1,"[20, 1296, 152, 1431]","[132, 135]",64,64,"[1, 1]",False,top_left,opaque,nearest_to_square,"[0.48484848484848486, 0.4740740740740741]",supplement,False,False,d32187a9a6d4b98dab98733345ca47b438c9c0de2900108ae1ed86fbda10938d,b505023d6d7684576c914cc83be029c62b63e5aba49cdc55af53e7ef3f4e8324
map_hedges,広場・生け垣,plaza,terrain/tiles_64/map_hedges.png,terrain/source_crops/map_hedges.png,06-1000263628.png,9,6,"[777, 1296, 909, 1431]","[132, 135]",64,64,"[1, 1]",False,top_left,opaque,nearest_to_square,"[0.48484848484848486, 0.4740740740740741]",supplement,False,False,c7bfb50139c3c40e17c856b3dfaf801d653b6738c29c036234c9ce77daf790f0,6f009891feaa54813efa8601adad3a05e9011140cf70a76ac558f261d803ca32
map_lamps,広場・街灯,plaza,terrain/tiles_64/map_lamps.png,terrain/source_crops/map_lamps.png,06-1000263628.png,9,5,"[626, 1296, 758, 1431]","[132, 135]",64,64,"[1, 1]",False,top_left,opaque,nearest_to_square,"[0.48484848484848486, 0.4740740740740741]",supplement,False,False,026f51d40cb4031c7f457821975029d32c788f919569379ec8d8221825fb183c,c75fa84f55ced4df1e99b0d421ad632ffa88cc2fd69415e80e5d9163df60f45f
map_paving_edge,舗道・土との境界,plaza,terrain/tiles_64/map_paving_edge.png,terrain/source_crops/map_paving_edge.png,06-1000263628.png,9,8,"[1081, 1296, 1213, 1431]","[132, 135]",64,64,"[1, 1]",False,top_left,opaque,nearest_to_square,"[0.48484848484848486, 0.4740740740740741]",supplement,False,False,2917c587204d2afa46b68069c51f356cef810583a683c0813de111de5afcc49f,f67ba3ece44cd879c1650dfd2499ce0f78af1f8b050a86e7cd073a69de0ca94d
map_paving_t,舗道・丁字,plaza,terrain/tiles_64/map_paving_t.png,terrain/source_crops/map_paving_t.png,06-1000263628.png,9,7,"[929, 1296, 1061, 1431]","[132, 135]",64,64,"[1, 1]",False,top_left,opaque,nearest_to_square,"[0.48484848484848486, 0.4740740740740741]",supplement,False,False,b016de585397cb5110fc626b975f4fb4103ec1a4e06cc239370737960bfbe567,fc8bdc5c0c4ef2407c2014dce6c259d4694849d6a3eb1fab9e01e69fcf846e6f
map_tree_planter,広場・植樹桝,plaza,terrain/tiles_64/map_tree_planter.png,terrain/source_crops/map_tree_planter.png,06-1000263628.png,9,4,"[475, 1296, 606, 1431]","[131, 135]",64,64,"[1, 1]",False,top_left,opaque,nearest_to_square,"[0.48854961832061067, 0.4740740740740741]",supplement,False,False,5394cd2771efd0a2c621f55db9ae9fab3469a92c694cd10e4e6c3b98d7d25cfe,32d6d941bff8cdff19d1e7ff7918d6599e553ad8e3c4b22609401e06a15c5b4b
map_rail_branch_e,線路・東分岐,rail,terrain/tiles_64/map_rail_branch_e.png,terrain/source_crops/map_rail_branch_e.png,03-1000263625.png,4,5,"[884, 735, 1047, 879]","[163, 144]",64,64,"[1, 1]",False,top_left,opaque,nearest_to_square,"[0.39263803680981596, 0.4444444444444444]",core,False,False,bcda413d12e4b18550bb18928045c531d23403ff8379d63e894740c6e73995e9,4949117bd54113b50cbd9485d6d7721bb4914385c6fc2150ce850bcaaee8f4e9
map_rail_branch_w,線路・西分岐,rail,terrain/tiles_64/map_rail_branch_w.png,terrain/source_crops/map_rail_branch_w.png,03-1000263625.png,4,6,"[1096, 735, 1261, 878]","[165, 143]",64,64,"[1, 1]",False,top_left,opaque,nearest_to_square,"[0.3878787878787879, 0.44755244755244755]",core,False,False,60d6ab9112d2b2ecc0061ae3ece122742a64759247c321c8bafacf6ea01984ed,85e87c9375ace6e6bd3704cd1df549155b0b7cddfc57bd879981870df9a70c36
map_rail_cross,線路・平面交差,rail,terrain/tiles_64/map_rail_cross.png,terrain/source_crops/map_rail_cross.png,03-1000263625.png,3,5,"[884, 535, 1044, 687]","[160, 152]",64,64,"[1, 1]",False,top_left,opaque,nearest_to_square,"[0.4, 0.42105263157894735]",core,False,False,3cd8bca90cf03202272c038ebfe4c62bf6e110bcfeea98f79ee1ba5ecce57414,5598ea55abdbe927e5cdc7a5671aec83a79c0084784870b81ecbc0de67c5e2e3
map_rail_ew,線路・東西,rail,terrain/tiles_64/map_rail_ew.png,terrain/source_crops/map_rail_ew.png,03-1000263625.png,3,2,"[259, 537, 420, 689]","[161, 152]",64,64,"[1, 1]",False,top_left,opaque,nearest_to_square,"[0.39751552795031053, 0.42105263157894735]",core,False,False,33cec6e0429a70418fc5adf5f58ee61214dabdfc6469259fa61730c80813fd65,589a8aac2dbad34b091b367f9263b7f20e36cbc5d3eec291c34cd553ba2ff9c6
map_rail_ne,線路・北東カーブ,rail,terrain/tiles_64/map_rail_ne.png,terrain/source_crops/map_rail_ne.png,03-1000263625.png,3,4,"[678, 536, 836, 687]","[158, 151]",64,64,"[1, 1]",False,top_left,opaque,nearest_to_square,"[0.4050632911392405, 0.423841059602649]",core,False,False,a67f9d0051a2d6c1247b3caefece79454c39849cb5c47a79e2bc19598cc022f4,c74b4e9b12cc04ab84aa62d46386937d92cc2aa99c0116364a00e821534cf46b
map_rail_ns,線路・南北,rail,terrain/tiles_64/map_rail_ns.png,terrain/source_crops/map_rail_ns.png,03-1000263625.png,3,1,"[58, 536, 214, 689]","[156, 153]",64,64,"[1, 1]",False,top_left,opaque,nearest_to_square,"[0.41025641025641024, 0.41830065359477125]",core,False,False,37120da5a4bf4145e8153d6d05a2b2141ffb6d89952aec5d3917b666ccb3cdd6,32cbc5e5783d59ecd7e70c9b844c267e585c05ec34205089af2d4252cddf3333
map_rail_nw,線路・北西カーブ,rail,terrain/tiles_64/map_rail_nw.png,terrain/source_crops/map_rail_nw.png,03-1000263625.png,3,3,"[469, 536, 628, 689]","[159, 153]",64,64,"[1, 1]",False,top_left,opaque,nearest_to_square,"[0.4025157232704403, 0.41830065359477125]",core,False,False,34654c27bbe75722b7277c8457290c3b82c43a76f652883694ffc0134b2e0b29,df6f6ef9f8b4090fe8d3191e22f64d96e40e75f92bbe5ff799afa1059d01d898
map_rail_overgrown,線路・草に覆われた南北線,rail,terrain/tiles_64/map_rail_overgrown.png,terrain/source_crops/map_rail_overgrown.png,07-1000263633.png,3,7,"[929, 381, 1063, 549]","[134, 168]",64,64,"[1, 1]",False,top_left,opaque,nearest_to_square,"[0.47761194029850745, 0.38095238095238093]",supplement,False,False,7e58a204755c6763ba1c0063f6d50de8e2cfcb060ff7a73f2293cee2b12de880,8538173ee9920cb927e4e2096cb9ad780020bb6eb2dc0f75624ff8c784be96f3
map_rail_platform_e,線路・東側ホーム,rail,terrain/tiles_64/map_rail_platform_e.png,terrain/source_crops/map_rail_platform_e.png,07-1000263633.png,4,7,"[928, 570, 1062, 745]","[134, 175]",64,64,"[1, 1]",False,top_left,opaque,nearest_to_square,"[0.47761194029850745, 0.3657142857142857]",supplement,False,False,8f0416c7b8f65a92b11fea31b9dcd4fea63edb930ccf6fa211ee8c4cbbf31e8f,ddaad86466dfe52a94401ebf676a224f79ee85a5c88d405daa18b1b25b0ed81c
map_rail_platform_w,線路・西側ホーム,rail,terrain/tiles_64/map_rail_platform_w.png,terrain/source_crops/map_rail_platform_w.png,07-1000263633.png,4,8,"[1081, 570, 1214, 745]","[133, 175]",64,64,"[1, 1]",False,top_left,opaque,nearest_to_square,"[0.48120300751879697, 0.3657142857142857]",supplement,False,False,073f7d2fc04a0b2595dc454131694e8cafc38dfff5ef7745447c4b2d2c2e8fa4,77616ee54ac03a6d3615d44c201fbb64d7c5988e8e3bf2534f7f64304e3d1469
map_rail_stop_e,線路・東側接続の車止め,rail,terrain/tiles_64/map_rail_stop_e.png,terrain/source_crops/map_rail_stop_e.png,07-1000263633.png,3,1,"[20, 382, 154, 549]","[134, 167]",64,64,"[1, 1]",False,top_left,opaque,nearest_to_square,"[0.47761194029850745, 0.38323353293413176]",supplement,False,False,06874cb7a639777ffa5ff0ba06e13cf6d1ac4c6951252d2c1addd98bc85ab626,3b90d77a73f8f49a0a500b315f325b9018467e379ebb97dad57d625d7de5e816
map_rail_stop_s,線路・南側接続の車止め,rail,terrain/tiles_64/map_rail_stop_s.png,terrain/source_crops/map_rail_stop_s.png,03-1000263625.png,4,1,"[55, 735, 214, 879]","[159, 144]",64,64,"[1, 1]",False,top_left,opaque,nearest_to_square,"[0.4025157232704403, 0.4444444444444444]",core,False,False,fcafbffd9323d00da30c7af0d9909a26d05349f7da45fe41ad737103d5189e44,a6154ecde6b70434a285630d0aaba52803090b1093e6848fe04e1fd587bcd5b4
map_rail_stop_w,線路・西側接続の車止め,rail,terrain/tiles_64/map_rail_stop_w.png,terrain/source_crops/map_rail_stop_w.png,03-1000263625.png,4,2,"[258, 738, 420, 881]","[162, 143]",64,64,"[1, 1]",False,top_left,opaque,nearest_to_square,"[0.3950617283950617, 0.44755244755244755]",core,False,False,8aa89a6ea15eacdfbba6186fd18aee9eaa3b68c3ca5c43ea14737734ace70dbe,8c19556baf587cedb1610f5e8567bff2398632ab3fae5ac58e8c66e8bbe1dfed
map_rail_y,線路・Y字分岐,rail,terrain/tiles_64/map_rail_y.png,terrain/source_crops/map_rail_y.png,03-1000263625.png,4,4,"[677, 734, 837, 879]","[160, 145]",64,64,"[1, 1]",False,top_left,opaque,nearest_to_square,"[0.4, 0.4413793103448276]",core,False,False,5a073f698b46e90289f871a346eb42560308edcc61ed3a8a77e2eee016d6c9b8,d882874f59c4e5ac4ee8c6eb913f4ab59c5cce5293c7c71fbd89883d24c2fcc9
map_crossing_basic,踏切・基本,road,terrain/tiles_64/map_crossing_basic.png,terrain/source_crops/map_crossing_basic.png,03-1000263625.png,2,5,"[881, 302, 1049, 468]","[168, 166]",64,64,"[1, 1]",False,top_left,opaque,nearest_to_square,"[0.38095238095238093, 0.3855421686746988]",core,False,False,40606df794ac25275666a4d11aac157e7b1d2ac5b3ad00202323b02c6e198a13,d8f5175dfb2d9fb026639e8d37264d6c7ac3d1c62ebbcfa4f96a34a300acb21a
map_crossing_closed,踏切・遮断機あり,road,terrain/tiles_64/map_crossing_closed.png,terrain/source_crops/map_crossing_closed.png,06-1000263628.png,4,4,"[474, 519, 606, 659]","[132, 140]",64,64,"[1, 1]",False,top_left,opaque,nearest_to_square,"[0.48484848484848486, 0.45714285714285713]",supplement,False,False,8bac29d1ac5d926b374fd74b93f35e9279d485137731a2dd2a67acb9fd781457,b2371d1b36b8bc0d6fa36239f8d7c0276d160643ce61d18f7efe396c2665f5da
map_parking_bay_ew,駐車区画・横向き白線,road,terrain/tiles_64/map_parking_bay_ew.png,terrain/source_crops/map_parking_bay_ew.png,06-1000263628.png,6,7,"[929, 836, 1062, 967]","[133, 131]",64,64,"[1, 1]",False,top_left,opaque,nearest_to_square,"[0.48120300751879697, 0.48854961832061067]",supplement,False,False,2a9e0870518b7f932c3d8a1cc29211227560bfc52534af6107d0bd822fa76f31,477cbdf7236f613ccf94140d469eb5d6a4cae486af06f4763a7ca24a5918ec9d
map_parking_bay_s,駐車区画・縦向き白線,road,terrain/tiles_64/map_parking_bay_s.png,terrain/source_crops/map_parking_bay_s.png,06-1000263628.png,6,4,"[474, 836, 607, 967]","[133, 131]",64,64,"[1, 1]",False,top_left,opaque,nearest_to_square,"[0.48120300751879697, 0.48854961832061067]",supplement,False,False,935d7640307e5a399f00eae8324c3f1163914d36aab315b3bdac07dbbafc2dfe,365418d076631abee9761adb13ac8fb0b07cca37e127aa8ad2882539d01c5cac
map_road_cross,道路・十字路,road,terrain/tiles_64/map_road_cross.png,terrain/source_crops/map_road_cross.png,03-1000263625.png,1,5,"[881, 92, 1049, 257]","[168, 165]",64,64,"[1, 1]",False,top_left,opaque,nearest_to_square,"[0.38095238095238093, 0.3878787878787879]",core,False,False,1a8f593ca75d2ea8142e6651e3b0fb5dc70e530862c9d94bb4c3b14fac5be8e3,9a92b0057f2970f1ee82af87c433d3ff56d8f7b19d572a2c2748cadaad9cd66a
map_road_cross_zebra,道路・横断歩道付き十字路,road,terrain/tiles_64/map_road_cross_zebra.png,terrain/source_crops/map_road_cross_zebra.png,06-1000263628.png,5,6,"[777, 678, 909, 817]","[132, 139]",64,64,"[1, 1]",False,top_left,opaque,nearest_to_square,"[0.48484848484848486, 0.460431654676259]",supplement,False,False,1f417a03b5fbc265cba50009509210445480c0dc317d98659eb61299be267650,885bed7d5be498de2325bcc9a17353bad359ef6dd8149dd3086635eef573ad18
map_road_end_s,道路・南側接続の行き止まり,road,terrain/tiles_64/map_road_end_s.png,terrain/source_crops/map_road_end_s.png,03-1000263625.png,2,1,"[54, 303, 219, 469]","[165, 166]",64,64,"[1, 1]",False,top_left,opaque,nearest_to_square,"[0.3878787878787879, 0.3855421686746988]",core,False,False,0409807caea45c0fb3687f9ddfca9f149a7520c40adc2190cdfd9fa5b71de92c,b943fca59ca442fcfd4f1ad1c295043a9aae4bb7b41146c4c60c6f29bc15141c
map_road_end_w,道路・西側接続の行き止まり,road,terrain/tiles_64/map_road_end_w.png,terrain/source_crops/map_road_end_w.png,03-1000263625.png,2,3,"[468, 303, 633, 469]","[165, 166]",64,64,"[1, 1]",False,top_left,opaque,nearest_to_square,"[0.3878787878787879, 0.3855421686746988]",core,False,False,9c1441bf0767e0b94796b477de8f1425a79ab4a5eee004cbadb59fdde2d4fd34,a1c4b2640cd88f30c26c18287c6ca2b99d387f77262b2b9ad0f361d311a5b315
map_road_ew,道路・東西,road,terrain/tiles_64/map_road_ew.png,terrain/source_crops/map_road_ew.png,03-1000263625.png,1,2,"[258, 92, 422, 256]","[164, 164]",64,64,"[1, 1]",False,top_left,opaque,nearest_to_square,"[0.3902439024390244, 0.3902439024390244]",core,False,False,373108a0cc147f94ff5e378aef56e56f3706345aad2a5aea20e1f613a10c450f,5f6905b7a74f01125a0995bd6cdb397c091ebd84a35b8bd3aaadf4fb60e46cba
map_road_median_long,道路・長い植栽帯,road,terrain/tiles_64/map_road_median_long.png,terrain/source_crops/map_road_median_long.png,06-1000263628.png,7,2,"[171, 986, 302, 1124]","[131, 138]",64,64,"[1, 1]",False,top_left,opaque,nearest_to_square,"[0.48854961832061067, 0.463768115942029]",supplement,False,False,6824dc021ffb514c6484068867e26484379fd0fe7bc9a035e78bbe7821d688b4,aa4211eb65730b173203ea8c9a66ada74da90eebd3a65e63ca2260deb820d783
map_road_median_round,道路・丸い植栽帯,road,terrain/tiles_64/map_road_median_round.png,terrain/source_crops/map_road_median_round.png,06-1000263628.png,7,6,"[777, 986, 909, 1124]","[132, 138]",64,64,"[1, 1]",False,top_left,opaque,nearest_to_square,"[0.48484848484848486, 0.463768115942029]",supplement,False,False,afef2e94f96fe998862023e665ae9c8607a511158e70a889695e448560bdc959,ea0c7d8ab0f9119c760a4a65d4ef0d46bb1fa4bc618d69a497ea09c71cf4c576
map_road_ne,道路・北東カーブ,road,terrain/tiles_64/map_road_ne.png,terrain/source_crops/map_road_ne.png,03-1000263625.png,1,4,"[676, 92, 837, 256]","[161, 164]",64,64,"[1, 1]",False,top_left,opaque,nearest_to_square,"[0.39751552795031053, 0.3902439024390244]",core,False,False,41c52be22735a8e5ed83f78ea79a2657c0c67780a935ff33af1668f181987e7e,2db9aef35d65692fb3dbbe6372d61bb67a81e01730d98a17bbb712e97c9f0fba
map_road_ns,道路・南北,road,terrain/tiles_64/map_road_ns.png,terrain/source_crops/map_road_ns.png,03-1000263625.png,1,1,"[54, 92, 218, 257]","[164, 165]",64,64,"[1, 1]",False,top_left,opaque,nearest_to_square,"[0.3902439024390244, 0.3878787878787879]",core,False,False,84697460fa391207e7e6d6755d9d8690ee409a8691e2b105c589ac3b47f5b4f6,6062bf54d9f32a18c356435b419f9a66f62a7f2c2188318545cdd56af93cbd0b
map_road_round_end_s,道路・丸い転回場,road,terrain/tiles_64/map_road_round_end_s.png,terrain/source_crops/map_road_round_end_s.png,06-1000263628.png,5,9,"[1234, 678, 1365, 817]","[131, 139]",64,64,"[1, 1]",False,top_left,opaque,nearest_to_square,"[0.48854961832061067, 0.460431654676259]",supplement,False,False,36bfc26c44d6055c28bc9faf5509dede6ac9070394ab757f22764dedd0c8f567,d9440bb0229da5b72d0947984043398e074b94315c00dc0153f00aa5be68132b
map_road_t_new,道路・北向き丁字路,road,terrain/tiles_64/map_road_t_new.png,terrain/source_crops/map_road_t_new.png,10-1000263629.png,2,2,"[170, 192, 302, 336]","[132, 144]",64,64,"[1, 1]",False,top_left,opaque,nearest_to_square,"[0.48484848484848486, 0.4444444444444444]",supplement,False,False,a2a5d1279c90d0c41f6e15b6af8b7c544f83d942aa63a8891031d32a7db7e9e9,e3c4a9d8bd39878f16776c55faca23e623ce28b656a2f7ee481e05437fd45303
map_road_t_wes,道路・南向き丁字路,road,terrain/tiles_64/map_road_t_wes.png,terrain/source_crops/map_road_t_wes.png,03-1000263625.png,1,6,"[1093, 92, 1269, 257]","[176, 165]",64,64,"[1, 1]",False,top_left,opaque,nearest_to_square,"[0.36363636363636365, 0.3878787878787879]",core,False,False,ecb1202ec79d1aeaa82a7b2057d00d6f5ee4365efee4d14de47c85de9dfbef50,9b622119eb7f1eaab23df2892f8fc01642799c29edef57f936f34bf9894bfd65
map_road_turnaround_s,道路・四角い転回場,road,terrain/tiles_64/map_road_turnaround_s.png,terrain/source_crops/map_road_turnaround_s.png,03-1000263625.png,2,4,"[676, 303, 836, 469]","[160, 166]",64,64,"[1, 1]",False,top_left,opaque,nearest_to_square,"[0.4, 0.3855421686746988]",core,False,False,83c2ba4ea0eeb71d793f4be87b9f08a1ba6771ec637967877b6e9b45ef8f53cd,70b3af8eb62b3dea7908e92bc9f53f98ea421c69a708ca05544f7ea965ed631e
map_road_wide_cross,広幅員道路・十字路,road,terrain/tiles_64/map_road_wide_cross.png,terrain/source_crops/map_road_wide_cross.png,10-1000263629.png,4,8,"[1082, 560, 1215, 742]","[133, 182]",64,64,"[1, 1]",False,top_left,opaque,nearest_to_square,"[0.48120300751879697, 0.3516483516483517]",supplement,False,False,f573176755afb4336655dfe3e50ff5c2b628ba99c7aa4cdbe91ce089a5eafac9,52b003aacb8203235d9e4b5aaad9af49de89976776a1fc00dece8a3556594882
map_road_wide_end_w,広幅員道路・西側接続の行き止まり,road,terrain/tiles_64/map_road_wide_end_w.png,terrain/source_crops/map_road_wide_end_w.png,10-1000263629.png,5,5,"[625, 762, 759, 946]","[134, 184]",64,64,"[1, 1]",False,top_left,opaque,nearest_to_square,"[0.47761194029850745, 0.34782608695652173]",supplement,False,False,b0fa69be134f319085b00106bf6c5a58dc8635f7b878ba4a7a5178c0a0cb2072,ca965848c6b4fbe551951f8ce355400c0e02910f8acf3c9ca89a00005197bff5
map_road_wide_ew,広幅員道路・東西,road,terrain/tiles_64/map_road_wide_ew.png,terrain/source_crops/map_road_wide_ew.png,10-1000263629.png,4,2,"[170, 560, 302, 742]","[132, 182]",64,64,"[1, 1]",False,top_left,opaque,nearest_to_square,"[0.48484848484848486, 0.3516483516483517]",supplement,False,False,93d100acd76acdc2d1ed0ce50fb05d04902c10622ff80c2e3d28808384df72cd,34597585cea96b77ce2f6122e8440cf9c26d1413865e8fdf117388f386697ceb
map_road_wide_t_new,広幅員道路・北向き丁字路,road,terrain/tiles_64/map_road_wide_t_new.png,terrain/source_crops/map_road_wide_t_new.png,10-1000263629.png,4,6,"[777, 560, 910, 741]","[133, 181]",64,64,"[1, 1]",False,top_left,opaque,nearest_to_square,"[0.48120300751879697, 0.35359116022099446]",supplement,False,False,9d08864cc5b09156222255cdea37826238eac090d890ddd2a32b99b56e7411e6,806aeca6426ac116f426ec962ae6c3b9d3995f9a5de8fab6acee1518df03397b
map_road_wide_t_sew,広幅員道路・南向き丁字路,road,terrain/tiles_64/map_road_wide_t_sew.png,terrain/source_crops/map_road_wide_t_sew.png,10-1000263629.png,4,7,"[929, 560, 1063, 741]","[134, 181]",64,64,"[1, 1]",False,top_left,opaque,nearest_to_square,"[0.47761194029850745, 0.35359116022099446]",supplement,False,False,3c653684869f901e2fbf6d3991c0cfce3de71861329786dedcce3727d8482ea6,8c974d24b0428f7a518345e053bf37a04f11be9209d959635dc9cd07dfde1506
map_road_wide_zebra,広幅員道路・横断歩道付き交差点,road,terrain/tiles_64/map_road_wide_zebra.png,terrain/source_crops/map_road_wide_zebra.png,10-1000263629.png,5,10,"[1382, 762, 1514, 945]","[132, 183]",64,64,"[1, 1]",False,top_left,opaque,nearest_to_square,"[0.48484848484848486, 0.34972677595628415]",supplement,False,False,b4a33a04ac4508dcd0376e03648c1d5672740bd716ce0caa335b1b18ece0e129,04c64dbd908ce225928c0d4daff17a60c2a7a49f0ae612ee17791557efd3f591
map_road_ws,道路・西南カーブ,road,terrain/tiles_64/map_road_ws.png,terrain/source_crops/map_road_ws.png,03-1000263625.png,1,3,"[463, 92, 629, 257]","[166, 165]",64,64,"[1, 1]",False,top_left,opaque,nearest_to_square,"[0.3855421686746988, 0.3878787878787879]",core,False,False,be34a1db989ab224dcd647dc4698652e06b1f657df3d287f92490b49404e6c35,758858a9263a6dab7768d50a04f32339577aec93d019619021f6f678b5eb9887
map_road_yellow_curve,道路・黄色中央線のカーブ,road,terrain/tiles_64/map_road_yellow_curve.png,terrain/source_crops/map_road_yellow_curve.png,10-1000263629.png,4,10,"[1382, 560, 1515, 742]","[133, 182]",64,64,"[1, 1]",False,top_left,opaque,nearest_to_square,"[0.48120300751879697, 0.3516483516483517]",supplement,False,False,599dc6f288166d5e1626eef5e3b58b26b6d0159c0b49e2a39e385a75f8df09c7,129787f32f76f776d7f9e49b7c386faaa081b93662ece1b0fca7ae6b5cedbb00
map_road_zebra_ns,道路・南北の横断歩道,road,terrain/tiles_64/map_road_zebra_ns.png,terrain/source_crops/map_road_zebra_ns.png,10-1000263629.png,3,6,"[777, 357, 910, 539]","[133, 182]",64,64,"[1, 1]",False,top_left,opaque,nearest_to_square,"[0.48120300751879697, 0.3516483516483517]",supplement,False,False,1d7c93e3329e49ea2623a4f25614743ab7fb51535a24986cf105dc3f1198cab2,110adfbdb5a25e3ecd0f78a36a473f8b7c73291113ef42332a96f58ed1748730
map_grade_separation_cross,立体交差・東西高架と南北道路,structure,terrain/tiles_64/map_grade_separation_cross.png,terrain/source_crops/map_grade_separation_cross.png,03-1000263625.png,5,5,"[814, 942, 955, 1081]","[141, 139]",64,64,"[1, 1]",False,top_left,opaque,nearest_to_square,"[0.45390070921985815, 0.460431654676259]",core,False,False,e0f24ac036b15181f96b58201ce8aab0a95edc1bb2236b21ed42cc053ad053f3,4a3322434dd3207661c5e7093ca515c92c8721b56c1c2bd07ff1e0967c00d414
map_rail_bridge_ew,鉄道橋・東西,structure,terrain/tiles_64/map_rail_bridge_ew.png,terrain/source_crops/map_rail_bridge_ew.png,06-1000263628.png,3,6,"[777, 356, 909, 500]","[132, 144]",64,64,"[1, 1]",False,top_left,opaque,nearest_to_square,"[0.48484848484848486, 0.4444444444444444]",supplement,False,False,0b507afdf094d5631dc29019cdad0711b84a8f160427ec2a4251535ed0051620,9dd21a11814e2538a9bb213140cbdec6423671cf21d3b211654f44f2932aef22
map_rail_bridge_ns,鉄道橋・南北,structure,terrain/tiles_64/map_rail_bridge_ns.png,terrain/source_crops/map_rail_bridge_ns.png,03-1000263625.png,5,2,"[259, 941, 422, 1081]","[163, 140]",64,64,"[1, 1]",False,top_left,opaque,nearest_to_square,"[0.39263803680981596, 0.45714285714285713]",core,False,False,2b0f502358a01174562452e14f31fe25c30e48d1077c8f7c0f5ae51161383d49,944e1fadeb2dbe3f3057862b9d086fe1e79a2d3af4fb5189f7c0207a60807989
map_rail_elevated_ew,線路高架・東西,structure,terrain/tiles_64/map_rail_elevated_ew.png,terrain/source_crops/map_rail_elevated_ew.png,03-1000263625.png,5,8,"[1345, 942, 1483, 1080]","[138, 138]",64,64,"[1, 1]",False,top_left,opaque,nearest_to_square,"[0.463768115942029, 0.463768115942029]",core,False,False,8b7be709b6a0dedf35961d2cd3eebc521b07798d2539c171dfa9b859dcf5890b,807ad9ac6448a471f693ca3e46c25ee6f159f88418ad95c1c52983b225c1ac6c
map_rail_truss_ew,鉄道トラス橋・東西,structure,terrain/tiles_64/map_rail_truss_ew.png,terrain/source_crops/map_rail_truss_ew.png,06-1000263628.png,3,7,"[929, 355, 1062, 500]","[133, 145]",64,64,"[1, 1]",False,top_left,opaque,nearest_to_square,"[0.48120300751879697, 0.4413793103448276]",supplement,False,False,f863debb76b1ed39ad09a46c15b52543c96a94413eedd0d2565e01585f1a715c,e8177973b5212d3dfe53c6384301440b3a0c3d704568d5bc0587937b4e581128
map_rail_truss_ns,鉄道トラス橋・南北,structure,terrain/tiles_64/map_rail_truss_ns.png,terrain/source_crops/map_rail_truss_ns.png,06-1000263628.png,3,3,"[321, 356, 455, 500]","[134, 144]",64,64,"[1, 1]",False,top_left,opaque,nearest_to_square,"[0.47761194029850745, 0.4444444444444444]",supplement,False,False,58233136a66b9ba1483bc6d9396dfe4f4ee2abf7995a19f3fc9ff7021a8a540e,fe91f88253dff9465f4401614e7e77b6cad5c42920aab146a991071f41a6d36b
map_rail_tunnel_s,鉄道トンネル入口,structure,terrain/tiles_64/map_rail_tunnel_s.png,terrain/source_crops/map_rail_tunnel_s.png,03-1000263625.png,5,4,"[643, 941, 782, 1081]","[139, 140]",64,64,"[1, 1]",False,top_left,opaque,nearest_to_square,"[0.460431654676259, 0.45714285714285713]",core,False,False,6578565636bbfa0e8dbfbc39b07dbc1e540374be9aeed3106690374e587fe23a,558b71c36abc31aa79e2e9a75cafffbf16957cfaac72d62678d3d4f11a1d1278
map_retaining_stairs,擁壁・階段,structure,terrain/tiles_64/map_retaining_stairs.png,terrain/source_crops/map_retaining_stairs.png,06-1000263628.png,8,2,"[171, 1142, 302, 1278]","[131, 136]",64,64,"[1, 1]",False,top_left,opaque,nearest_to_square,"[0.48854961832061067, 0.47058823529411764]",supplement,False,False,1d41b0d304dc44fff213e5f20a4145626e49f42db877b7d0e38f450418250ee3,adb2cf2ec0960c778d3f29b3f988b6c4c2d8d39bc46f05cba54c2b47234c5304
map_retaining_wall,擁壁・柵,structure,terrain/tiles_64/map_retaining_wall.png,terrain/source_crops/map_retaining_wall.png,06-1000263628.png,8,1,"[20, 1143, 153, 1278]","[133, 135]",64,64,"[1, 1]",False,top_left,opaque,nearest_to_square,"[0.48120300751879697, 0.4740740740740741]",supplement,False,False,a25cead5a7037691d0220f2bf11b019f5f52be0df62db74f892d2d565a262d98,88e56bbb3cf5fd03cad0b89f771b1c3dd088f6ecb50e390738885e845923c57d
map_road_bridge_ew,道路橋・東西,structure,terrain/tiles_64/map_road_bridge_ew.png,terrain/source_crops/map_road_bridge_ew.png,06-1000263628.png,2,3,"[322, 191, 455, 335]","[133, 144]",64,64,"[1, 1]",False,top_left,opaque,nearest_to_square,"[0.48120300751879697, 0.4444444444444444]",supplement,False,False,326ac80fbeda86522aa12a4e1915c992c2580cc46d7a24d1bb7fe22b48965b3d,2410cc77e3640ba39990c0eceb305fa0050f8d9e12d98afbed3187d58defbf62
map_road_bridge_ns,道路橋・南北,structure,terrain/tiles_64/map_road_bridge_ns.png,terrain/source_crops/map_road_bridge_ns.png,03-1000263625.png,5,1,"[53, 941, 215, 1081]","[162, 140]",64,64,"[1, 1]",False,top_left,opaque,nearest_to_square,"[0.3950617283950617, 0.45714285714285713]",core,False,False,8be6851218333d17924af609a2459dc9f6b1f25daa903343435cd743ab590705,deb2ef9b75d1573a5102ecdd172ba95fd62cf27aa68d60b5f1b635c5ede6859e
map_road_elevated_ew,道路高架・東西,structure,terrain/tiles_64/map_road_elevated_ew.png,terrain/source_crops/map_road_elevated_ew.png,03-1000263625.png,5,7,"[1167, 942, 1307, 1080]","[140, 138]",64,64,"[1, 1]",False,top_left,opaque,nearest_to_square,"[0.45714285714285713, 0.463768115942029]",core,False,False,667bb53a5a021f58dd6734a45f0cba9ff8f7f2e63b163f206a29a7feab239c12,ab7741235d9d05430aa754348e1c23455054b56bb0b9f20b36212d912d2f0f48
map_road_tunnel_s,道路トンネル入口,structure,terrain/tiles_64/map_road_tunnel_s.png,terrain/source_crops/map_road_tunnel_s.png,03-1000263625.png,5,3,"[463, 941, 609, 1081]","[146, 140]",64,64,"[1, 1]",False,top_left,opaque,nearest_to_square,"[0.4383561643835616, 0.45714285714285713]",core,False,False,99006354f4db6d3653d5b76782d04c4b35bf11b99ef826ca273cc66cb87ecc08,6d49047796c829366e54c33b6757905fddff5de327366f6cf4aa8d5a44ecc350
map_waterfront_stairs,水辺・階段,structure,terrain/tiles_64/map_waterfront_stairs.png,terrain/source_crops/map_waterfront_stairs.png,06-1000263628.png,8,6,"[777, 1143, 909, 1278]","[132, 135]",64,64,"[1, 1]",False,top_left,opaque,nearest_to_square,"[0.48484848484848486, 0.4740740740740741]",supplement,False,False,801d5695e7d97dec248bce08cacd97cceea2480795d51fafed30d17429225525,859b6917cb523220abdfc3d0532b5ae8b513541b796329926fd362030942879d
map_waterfront_wall,水辺・護岸と柵,structure,terrain/tiles_64/map_waterfront_wall.png,terrain/source_crops/map_waterfront_wall.png,06-1000263628.png,8,9,"[1234, 1143, 1364, 1278]","[130, 135]",64,64,"[1, 1]",False,top_left,opaque,nearest_to_square,"[0.49230769230769234, 0.4740740740740741]",supplement,False,False,2a13fa0a8ab892a428f273ba4b88a67fcab62635c4d12da54dba85d985682e57,66fe5ed3a2fee67510d860680acd2acd61ce097323809af8a89d860b54f407f5
map_channel_diagonal,水路・斜め,water,terrain/tiles_64/map_channel_diagonal.png,terrain/source_crops/map_channel_diagonal.png,02-1000263624.png,4,6,"[925, 554, 1070, 694]","[145, 140]",64,64,"[1, 1]",False,top_left,opaque,nearest_to_square,"[0.4413793103448276, 0.45714285714285713]",core,False,False,4d563fa58ceffafc588b54c50e7cd552ce813ea64b0504b49ee899fad0fcc19e,c053f0deb7c1ef6e78b2061ca067f7d680f4fdd53ff84215a3a3f2e66a9e77b5
map_coast_headland,海岸・水面の張り出し,water,terrain/tiles_64/map_coast_headland.png,terrain/source_crops/map_coast_headland.png,02-1000263624.png,6,8,"[1347, 909, 1506, 1072]","[159, 163]",64,64,"[1, 1]",False,top_left,opaque,nearest_to_square,"[0.4025157232704403, 0.39263803680981596]",core,False,False,5975528e39ce0d21836ee7b0aa78e76cba51d9bb6e1f49834108428666e4e95f,b7287e2c82b96b11a85dbabec52dbdb02a8a00de4426a8ac8430292a9c9f9e27
map_coast_land_e,海岸・東側陸地,water,terrain/tiles_64/map_coast_land_e.png,terrain/source_crops/map_coast_land_e.png,02-1000263624.png,2,6,"[754, 231, 875, 358]","[121, 127]",64,64,"[1, 1]",False,top_left,opaque,nearest_to_square,"[0.5289256198347108, 0.5039370078740157]",core,False,False,9a6f87395be4148ef50addd5c9143380e5ee37dcf0add91bad2a6022e21438df,e73322ce05b4d41522911936b1743eb951a7f0a63f5c8992b0e310212a531d03
map_coast_land_e_bulge,海岸・東側陸地の張り出し,water,terrain/tiles_64/map_coast_land_e_bulge.png,terrain/source_crops/map_coast_land_e_bulge.png,02-1000263624.png,3,5,"[748, 395, 872, 518]","[124, 123]",64,64,"[1, 1]",False,top_left,opaque,nearest_to_square,"[0.5161290322580645, 0.5203252032520326]",core,False,False,964869276904d6c7767bd31fff4daa8b47b051b084f5fd703a32ab0431f0159e,999dddc99e0d03341a9507bf98f32e41d58d9a4093c3d345e8edcca881c4341d
map_coast_land_e_step,海岸・東側陸地の張り出し,water,terrain/tiles_64/map_coast_land_e_step.png,terrain/source_crops/map_coast_land_e_step.png,02-1000263624.png,2,7,"[899, 231, 1034, 358]","[135, 127]",64,64,"[1, 1]",False,top_left,opaque,nearest_to_square,"[0.4740740740740741, 0.5039370078740157]",core,False,False,119318bd4df1a9659df7ff8e59e52d03fca503748fc190f5db9aa0ff9012f276,cf6fbe53a6a7e1bfa6ebc4609b4bb57985da7c4e7d2f3b694fe4b77c95e4b40f
map_coast_land_s,海岸・南側陸地,water,terrain/tiles_64/map_coast_land_s.png,terrain/source_crops/map_coast_land_s.png,02-1000263624.png,2,1,"[29, 231, 152, 358]","[123, 127]",64,64,"[1, 1]",False,top_left,opaque,nearest_to_square,"[0.5203252032520326, 0.5039370078740157]",core,False,False,b9eb595ce0f917e9dca4f61ead6e2b2ed7f4547cc29ef59aa7215fa8434317b4,04c86bb38a3cae7d50d5490ee0ea7d05625d46e356f28013baf5bdc0becc1ca3
map_coast_land_s_inlet,海岸・南側陸地の入り江,water,terrain/tiles_64/map_coast_land_s_inlet.png,terrain/source_crops/map_coast_land_s_inlet.png,02-1000263624.png,3,6,"[901, 395, 1025, 518]","[124, 123]",64,64,"[1, 1]",False,top_left,opaque,nearest_to_square,"[0.5161290322580645, 0.5203252032520326]",core,False,False,8259109b7cff31ebd2134049753c010a4c462c5de199815525c05200adfdd212,a57997a488d452b7cdbc34c4fce59d0cbb86689dd46a36d43dc24b778d78805b
map_coast_land_s_wavy,海岸・南側陸地の湾曲,water,terrain/tiles_64/map_coast_land_s_wavy.png,terrain/source_crops/map_coast_land_s_wavy.png,02-1000263624.png,2,2,"[170, 231, 290, 358]","[120, 127]",64,64,"[1, 1]",False,top_left,opaque,nearest_to_square,"[0.5333333333333333, 0.5039370078740157]",core,False,False,4ef1f365bd47929a0f6df946be6e7c7b329e371ba4932d2ff6a7fdb04f9ef9fb,b1cb9a8d3e1a955b7fd12952387cb30a0f058791e88eeb72a00ecfb204cb09bb
map_coast_land_se,海岸・南東側陸地,water,terrain/tiles_64/map_coast_land_se.png,terrain/source_crops/map_coast_land_se.png,02-1000263624.png,3,8,"[1216, 395, 1344, 519]","[128, 124]",64,64,"[1, 1]",False,top_left,opaque,nearest_to_square,"[0.5, 0.5161290322580645]",core,False,False,4bf67ad3bab38d5e2a2f0390b03cce642382a69d72fbcdf67cad444bed261d2d,1bf3389514581526ee037de395095825d7e72f09cadf4fcc387d7aafe335e41f
map_coast_land_sw,海岸・南西側陸地,water,terrain/tiles_64/map_coast_land_sw.png,terrain/source_crops/map_coast_land_sw.png,02-1000263624.png,2,5,"[601, 231, 726, 358]","[125, 127]",64,64,"[1, 1]",False,top_left,opaque,nearest_to_square,"[0.512, 0.5039370078740157]",core,False,False,028151d7a1e7c7638e278408843865d7b0f6a56a4ecd545e390ab32267bcb025,dfc89a42aa82582b1b22ca1ff3087b90dbca624f6d9fa12562fcc92567eebfdf
map_coast_land_sw_square,海岸・南西側陸地の直角,water,terrain/tiles_64/map_coast_land_sw_square.png,terrain/source_crops/map_coast_land_sw_square.png,02-1000263624.png,2,8,"[1063, 231, 1190, 358]","[127, 127]",64,64,"[1, 1]",False,top_left,opaque,nearest_to_square,"[0.5039370078740157, 0.5039370078740157]",core,False,False,0c4ec1daf432e8835cd452cfc0a9b6ccef85b7f2172ebd5a7ac9c3eb1fa22233,9eb6e2f74ab2d30cede3f65a7bfbeef7545f49c0b51f06760c6e7b7a530ebf06
map_coast_land_w_bulge,海岸・西側陸地の張り出し,water,terrain/tiles_64/map_coast_land_w_bulge.png,terrain/source_crops/map_coast_land_w_bulge.png,02-1000263624.png,3,4,"[602, 395, 719, 519]","[117, 124]",64,64,"[1, 1]",False,top_left,opaque,nearest_to_square,"[0.5470085470085471, 0.5161290322580645]",core,False,False,0ccfe80d03d7e9be68d5380c83826bb016a2af75e2477ad72cf95353b27fe7f3,36bc94ff39dd8d9e7f2d88c54d9abd4b9133677318e76f289b234be973bbfa21
map_coast_water_ne,海岸・北東側水面,water,terrain/tiles_64/map_coast_water_ne.png,terrain/source_crops/map_coast_water_ne.png,02-1000263624.png,3,1,"[30, 395, 152, 518]","[122, 123]",64,64,"[1, 1]",False,top_left,opaque,nearest_to_square,"[0.5245901639344263, 0.5203252032520326]",core,False,False,a51ef0f13ec54263136fb33836258d2068b98d11e7962fa608c7897072e676b6,e0f2cf3daf2461dda5341a64c71ec7e990632e8c7ff43aacf7dedc440b89d2a7
map_coast_water_nw,海岸・北西側水面,water,terrain/tiles_64/map_coast_water_nw.png,terrain/source_crops/map_coast_water_nw.png,02-1000263624.png,3,2,"[178, 395, 302, 518]","[124, 123]",64,64,"[1, 1]",False,top_left,opaque,nearest_to_square,"[0.5161290322580645, 0.5203252032520326]",core,False,False,e2b2dcabb5992983f85df6bf197a4add1aad89b3396c58b049e9744ebbb43308,a34cca11bb80242984a9fa541d82032ceca521d6e41c813a98e3a82086c0b9d1
map_inlet_w,入り江・西側から,water,terrain/tiles_64/map_inlet_w.png,terrain/source_crops/map_inlet_w.png,02-1000263624.png,4,4,"[589, 554, 722, 694]","[133, 140]",64,64,"[1, 1]",False,top_left,opaque,nearest_to_square,"[0.48120300751879697, 0.45714285714285713]",core,False,False,f3db11f6c1047059b7087cd1083eb392ed2a3c19f83d01a8b6ed81ae3626f81e,0c63a4e2edb040b39fdb0b96d60f9fdf82080008cd0357367047b1538a0b50c0
map_pond_channel_s,池・南側流出口,water,terrain/tiles_64/map_pond_channel_s.png,terrain/source_crops/map_pond_channel_s.png,02-1000263624.png,4,8,"[1315, 554, 1502, 694]","[187, 140]",64,64,"[1, 1]",False,top_left,opaque,nearest_to_square,"[0.3422459893048128, 0.45714285714285713]",core,False,False,62167d1f66b51249e3a38943971ccf92ee77004e7a16098419d0a81021919994,cf2f1b456450fbd64f312bafe7c40b8361354fd260d24443a7d28606b674e4b7
map_pond_irregular,池・変形,water,terrain/tiles_64/map_pond_irregular.png,terrain/source_crops/map_pond_irregular.png,02-1000263624.png,4,2,"[234, 554, 383, 694]","[149, 140]",64,64,"[1, 1]",False,top_left,opaque,nearest_to_square,"[0.42953020134228187, 0.45714285714285713]",core,False,False,8316beec724d814969062e603a98761e17210a658ad327e53b08f33eeb8bc5b1,2ae6fb8d564e3cd0269bac27953757bc3f5bc7b76a586aa6934e6665fbc33ff2
map_pond_round,池・円形,water,terrain/tiles_64/map_pond_round.png,terrain/source_crops/map_pond_round.png,02-1000263624.png,4,1,"[35, 554, 205, 694]","[170, 140]",64,64,"[1, 1]",False,top_left,opaque,nearest_to_square,"[0.3764705882352941, 0.45714285714285713]",core,False,False,42171b010700ecd002dc272d2f965d433e957954490f08b5caab51aa8b6505a7,3a81736f4eb68ccad558ecdc8e5272c08c72680008213793fb983037af2b07c8
map_pond_small,池・小型,water,terrain/tiles_64/map_pond_small.png,terrain/source_crops/map_pond_small.png,02-1000263624.png,4,3,"[414, 554, 560, 694]","[146, 140]",64,64,"[1, 1]",False,top_left,opaque,nearest_to_square,"[0.4383561643835616, 0.45714285714285713]",core,False,False,25c52357a0a4b84ebc169111e0b6a77cad18ff538e5b297a68ee13868d94a2f3,47e31578703e91de67c5fb1b9f275944498388f8005e6528f4efdf3f72772f68
map_river_basin_s,川・南側の水域へ,water,terrain/tiles_64/map_river_basin_s.png,terrain/source_crops/map_river_basin_s.png,02-1000263624.png,6,6,"[991, 908, 1138, 1072]","[147, 164]",64,64,"[1, 1]",False,top_left,opaque,nearest_to_square,"[0.43537414965986393, 0.3902439024390244]",core,False,False,f0ed274019a24b26fc8f19b84b398461900424bae070564f8869d84ffd27fa78,d7ef3b7fa2b9c9ebcfe10216330ac0e94ec074267d85c5edd38413c9a026b2b2
map_river_cross,川・十字,water,terrain/tiles_64/map_river_cross.png,terrain/source_crops/map_river_cross.png,02-1000263624.png,5,8,"[1219, 732, 1350, 871]","[131, 139]",64,64,"[1, 1]",False,top_left,opaque,nearest_to_square,"[0.48854961832061067, 0.460431654676259]",core,False,False,7c5ed718333a93a08958ca583f9767734192cb3ba899cfc1bbaa64e8ffd7d03c,ad2b1b31ad359bbb4a43b787e9c4119eff86cfd4a23f81fbe36aaf49280879a2
map_river_es,川・東南カーブ,water,terrain/tiles_64/map_river_es.png,terrain/source_crops/map_river_es.png,02-1000263624.png,5,4,"[523, 732, 670, 871]","[147, 139]",64,64,"[1, 1]",False,top_left,opaque,nearest_to_square,"[0.43537414965986393, 0.460431654676259]",core,False,False,486ce195a4f98bb1852f1c1ca1a4396c62b342f65ba8af29a451ed5f52546ef7,450fb1fd5e98fd8845813953e390f5e911144cff0ded2d91ae20b0dab2307026
map_river_ew,川・東西,water,terrain/tiles_64/map_river_ew.png,terrain/source_crops/map_river_ew.png,02-1000263624.png,5,3,"[348, 732, 496, 871]","[148, 139]",64,64,"[1, 1]",False,top_left,opaque,nearest_to_square,"[0.43243243243243246, 0.460431654676259]",core,False,False,959c8d0eaf7180c372c9067ca2c99be91d7410f28e5ed17a5f8078ca987e50b9,e4150d394ccfcd3aee0c09d1fff46a82d21c2917614f64969785fdb75af0cbc9
map_river_meander,川・蛇行,water,terrain/tiles_64/map_river_meander.png,terrain/source_crops/map_river_meander.png,02-1000263624.png,4,7,"[1099, 553, 1284, 694]","[185, 141]",64,64,"[1, 1]",False,top_left,opaque,nearest_to_square,"[0.34594594594594597, 0.45390070921985815]",core,False,False,30af81075c897f7d2b400a1275a44de8ef4a4dcc2c50e5df1cc664a3316bb8cf,1dc5df9c329ed94538ecf1da59ccf7ade42c1f7dc263a383ac019ac53e12de68
map_river_mouth_s,河口・南側の海,water,terrain/tiles_64/map_river_mouth_s.png,terrain/source_crops/map_river_mouth_s.png,02-1000263624.png,6,1,"[30, 909, 193, 1075]","[163, 166]",64,64,"[1, 1]",False,top_left,opaque,nearest_to_square,"[0.39263803680981596, 0.3855421686746988]",core,False,False,a48b8da31bd9f8fea4768cfe431ff578dfad98cbd1189e8b7a3fd97f8df738a0,8369f452e452d20cace575eb4a34b58f09ba3726a708a50f7e861b4d9bd955ca
map_river_mouth_s_square,河口・直線的な岸,water,terrain/tiles_64/map_river_mouth_s_square.png,terrain/source_crops/map_river_mouth_s_square.png,02-1000263624.png,6,3,"[413, 909, 580, 1074]","[167, 165]",64,64,"[1, 1]",False,top_left,opaque,nearest_to_square,"[0.38323353293413176, 0.3878787878787879]",core,False,False,8deb133ba14c7b4b38e5b11d890316e5ccc72c2870c07388123aa39f335d29ff,2a19dd88db4b276510d222bd05506cd1d0dc3dc04b51cc55070ef21c72d63a71
map_river_ne,川・北東カーブ,water,terrain/tiles_64/map_river_ne.png,terrain/source_crops/map_river_ne.png,02-1000263624.png,5,6,"[890, 732, 1021, 872]","[131, 140]",64,64,"[1, 1]",False,top_left,opaque,nearest_to_square,"[0.48854961832061067, 0.45714285714285713]",core,False,False,aa6c31b6dc74484d0fea0c6f73fe8b24aea3bc8b50b8f43d9fd2e8c80c47ea45,099ee632160081995f03996a82db3b54b04f9f6e44a1fc63144292cc5345e5ba
map_river_ns,川・南北,water,terrain/tiles_64/map_river_ns.png,terrain/source_crops/map_river_ns.png,02-1000263624.png,5,1,"[32, 731, 158, 871]","[126, 140]",64,64,"[1, 1]",False,top_left,opaque,nearest_to_square,"[0.5079365079365079, 0.45714285714285713]",core,False,False,48f389ccbc5a5046ad4d252c0a13b702fc32ed1a32826d831392f94e0a161d1c,95592a390270172292814934a69089e8e507e90279629681da5e2477a726d8bf
map_sea_waves,海・波模様,water,terrain/tiles_64/map_sea_waves.png,terrain/source_crops/map_sea_waves.png,02-1000263624.png,1,1,"[30, 47, 183, 197]","[153, 150]",64,64,"[1, 1]",False,top_left,opaque,nearest_to_square,"[0.41830065359477125, 0.4266666666666667]",core,False,False,fdcde96ab5adfbb6177bd705c075e1eb024c575ad4cba227279e115abcfb04a2,d2291fc30d3a166e5a98cd340ca0146b6d32ddf4d647d09e2f2d614cd533329d
map_water_calm,水面・穏やか,water,terrain/tiles_64/map_water_calm.png,terrain/source_crops/map_water_calm.png,02-1000263624.png,1,5,"[787, 46, 944, 197]","[157, 151]",64,64,"[1, 1]",False,top_left,opaque,nearest_to_square,"[0.40764331210191085, 0.423841059602649]",core,False,False,fed85913287af37b5acd00874a29fe321644035439e8039a4ae39cad291871cf,a7b995a8fe094cde16760a5609afdd10310eadd44ad6565b6c481fd60a34b99a
