path,LBA,ISO_size,extraction,sha256_extracted
/3MIN.BIN,22826,31455687,logical2048,9781cdb743da3edd17c3b2f093f53b40eceb35a9b9216d8d66f42f205f808a9c
/BGM/BGM01.SEQ,130,9485,logical2048,26ede6c98437e275b00d66552e80cd779807c653ce8c2b2ae79022d6979fcaac
/BGM/BGM01.VB,135,282512,logical2048,c2ce6f8fb7e7e5128cecc188bde9c8e37f56397a940aef04d5c16251d146f73a
/BGM/BGM01.VH,273,7200,logical2048,90177b83dc2491f61676b785ca1d7c994e9eaf5e60c6f2f1d563ce897c5ef04d
/BGM/BGM02.SEQ,277,8230,logical2048,d953db7cf4eebde4e46bca845b0347bb41cacb2d6a8337d5818b90d4666a18c0
/BGM/BGM02.VB,282,294880,logical2048,5f21bd56610966c77a8f85bc8f39c43441096c08a9a8931e376d93a8477f7375
/BGM/BGM02.VH,426,7712,logical2048,524c379af102439efa41c7eb4f38481427cef9a063e3638219a65d82f1edb3df
/BGM/BGM03.SEQ,430,32306,logical2048,840f2abaebdffae5d05fe0fb1fcc90c52a90fc50be5eaa96ecb65f47a7f4f233
/BGM/BGM03.VB,446,295024,logical2048,6ad365618f2ce3a7282002d7a3db66a0d7781dc5af15335e207cf049038eb7eb
/BGM/BGM03.VH,591,7712,logical2048,6114d0245e4504604e1d23900a881a470815a7e31aa1213ad8d9a417c9cbb3ee
/BGM/BGM04.SEQ,595,11156,logical2048,cbd1722976fe4b4a479f9611b435388dbdf27bc3c811869050677ec942b7ce91
/BGM/BGM04.VB,601,293136,logical2048,d511fe55316692aeee7a8d7387de939acb3d49c5b3106be7e0ac46c0121ae55e
/BGM/BGM04.VH,745,5152,logical2048,37bb259804a69e75ab2e65e248b9dc3cefa768ab863119e514e570c8c3c7059a
/BGM/BGM05.SEQ,748,48463,logical2048,2db719a67eedd02f6183bd23ba606b5c1335b097201681f6cd558b6a1305ccfa
/BGM/BGM05.VB,772,262112,logical2048,ae8d20a526e725b77c1c2664fda0a01190b7bf7e605e3abb7b3cfff525f782c4
/BGM/BGM05.VH,900,8736,logical2048,c2fbf99e8d041cc5f770f9e9f2b255a2b4a72228caca93f8463d91e1ccfd59b4
/BGM/BGM06.SEQ,905,25695,logical2048,a017c632c280772e7e365145018f41ae1a8c09158b51ba4d169d47b7f673a939
/BGM/BGM06.VB,918,226400,logical2048,724a9b841830e41b74d03d0376cddd9eecc1e88b01cd2e8d4cc94e55d3666922
/BGM/BGM06.VH,1029,9248,logical2048,15907ec4aac59f2479ce5c770c2f9dcc0b15b57eff8117e1bc0e26a99b409a49
/BGM/BGM07.SEQ,1034,27426,logical2048,b46563d3a8dbb77680e3415c9cec2bae5b5243bea1c4b4f51be48c2c0c656892
/BGM/BGM07.VB,1048,412784,logical2048,a9e9f64b16abfcbfe939a541ff687da669469f1ab9b991e8ec2b01370b960d2c
/BGM/BGM07.VH,1250,10272,logical2048,b48cc726fe1806a3fffe9a342ef10d2250d057df6f8f76894fb58da8c84fea09
/DAT/KABEE.BGD,22278,1288,logical2048,161e34d7ec6281ff8e6f27f4248e6b3ff73acb950962f23282f76e57410c6982
/DAT/KABEE.CEL,22279,168,logical2048,7be4949ca4f4c4b6f50fc3ac27594a372911b787e732b773b83459dfc430036a
/DAT/MSG00.OBJ,22280,10716,logical2048,d2ab3800ee82628cafe96d94f58d9790653b4e5387cbacc7097cc67c5ac18635
/DAT/SHOP0302.BIN,22286,3106,logical2048,b72c911bdc150e6fa0896c24b7ce49db4eb3ab1c6a5ac11fceaea74fd73ac03d
/DAT/STAFF.OBJ,22288,2640,logical2048,d11d00d5b71486692e9527f5373c53e363065983e71f1341cd1c97db88fce41a
/DAT/TOWN0001.BIN,22290,76707,logical2048,792c7b5cc2faf5a192bc5f9ce1758fd3a1dfa463a5a110a1fd6a20879c90ce7b
/DAT/TOWN0002.BIN,22328,76707,logical2048,2de1b11824061a1e81ae619fe6f0c0a9379c28b4012d85dd2c1babbcc28ede90
/DAT/TOWN0003.BIN,22366,76707,logical2048,a5d44360640f007d47a61b46507a5d8729b278bd4089e647b7296e387c305add
/DAT/TOWNPS.BIN,22404,76707,logical2048,56976cfb1db14b7bf1263d26891dc56bc0c40baaed651fd06ba7afb5b1a51b93
/DAT/TOWN_PR1.CEL,22442,6408,logical2048,6eeaf1dd9a801b7ca11e554f6f16f69a1b08bc9c6a07326c8e667461eca3cf37
/LICENSEJ.DAT,1498,28032,logical2048,6e5f6df49f03e0875265d0f8edc02745a503545997586a62d622820186d0f4eb
/MPLOGO.STR,20681,2228224,"raw2352; ISO size uses 2048 units, Form2 data preserved",97a93f04211949c1077e2ca8b8d19a711695af60e1ec356b265130e0289c5a71
/SE/CON_KOE.VB,24,63088,logical2048,91ada72588eea627d4c2aa52a00daa7e3bf972c092bccabe0e9fba07ce163161
/SE/CON_KOE.VH,55,8736,logical2048,519e4599f1186250d56d12db89da8be944e8b07f5d992234e3d78a095585a6e6
/SE/CON_SE.VB,60,120048,logical2048,51fa782ebf07dd05a341bfc3283fa60af60f46af0289adb80af49dfe95d2f967
/SE/CON_SE.VH,119,12320,logical2048,02259d43ad3b9f14b7b5174d7741aab4694ae018959c66c2f60d726a9adc3e59
/SE/SE.SEP,126,3187,logical2048,f3a95b361adc0d52b3ec6785bcf3ef0f6404fdfdd4df4a3f078162e6360a4b7f
/SE/VOS.SEP,128,450,logical2048,a8c62625e9b6e0779ede8fa7cf177db67b00ed7e97e7374ec0e9304e62fb7391
/SLPS_007.82,22446,778240,logical2048,d6a167a1c9e0fe98d7e44e12968caa489ac3eb7ed3b9e46012a188af8432b1fd
/SOUND.XA,1513,39256064,"raw2352; ISO size uses 2048 units, Form2 data preserved",5f0819dce150b1d3e90481a1a8b10f81672f592ceddf8e5205fd797dde59110d
/SYSTEM.CNF,1512,67,logical2048,5e15cf879f47ef4347eb33e1dcdf1eca7af4877eb43887ddc8b1112971c4d309
/TIM0/BUILDIN1.TIM,21770,33312,logical2048,ef9944475e356223284083cd0b28493a90eda4396cfa4a7a87714437362dba11
/TIM0/CASE_T00.TIM,21787,57888,logical2048,41bb94ef01a0fb0ec6aeb9933ef48a589cda00afa8faa54499ecc5acca11745a
/TIM0/CASE_T01.TIM,21816,57888,logical2048,a29dbb0c4c4960e9963ac57978b162077c62f29aa24d4a7ebf6a2f4a1eeecc0f
/TIM0/IOLE.TIM,21845,37408,logical2048,876e5bef5e3f01f35bd0ae6bd4fcff9d4fdde626f458853db7dbe1e463265c94
/TIM0/KAO01.TIM,21864,66080,logical2048,660e1382abec03ca60b8460bb6e2a7645370fd24aa9116762020cceedfe6c115
/TIM0/KAO02.TIM,21897,10784,logical2048,91c1d4c0f11bea03a4bf38f79ec9d69e3648c9ab7aed96860949144b8587b74a
/TIM0/KYOU.TIM,21903,61984,logical2048,ef75f72fffafc3cc45853a2097059b421aed139929d31b6a1bea8dcb40127d89
/TIM0/MAN0.TIM,21934,45600,logical2048,6a7349c4fc655fb6b2d441f5332d07481329e03391816849da62485a3ffb2ae4
/TIM0/PSMOJI0.TIM,21957,32832,logical2048,7af314727a51c78d7e086efb6d954a6591bc12f93ff1f2bb5cff797329bdfcee
/TIM0/PSMOJI1.TIM,21974,32832,logical2048,9f763d9fdcb86863ea28126fcdb5a7d89a590315463b5a5e69a2bdbc0c4c5030
/TIM0/PS_CM1.TIM,21991,41504,logical2048,47371b6c3c517ab8f0159a969c8c24f9e37e95a9607cd9414db14b034f2c7ad0
/TIM0/SHOPTYP1.TIM,22012,8736,logical2048,ababeef4a71a1d6baa3eeaa3d5f9607062b7637ea941ff225ce84bda75575e50
/TIM0/SHOP_T00.TIM,22017,66080,logical2048,f25b374e2d53870d3471323b39b3605bd25a045e2866baac5e47084a2b1c82d6
/TIM0/SHOP_T01.TIM,22050,25120,logical2048,4c433dc3f3840dd8c207602085f79a55aa99c60c5294973cfa83c4982b17f117
/TIM0/SYOP_S00.TIM,22063,66080,logical2048,b3fef8b04b9a8367397192a93ac0e8308e388cf383c55fadcfa2e1cf582a661a
/TIM0/SYOP_S01.TIM,22096,66080,logical2048,690927a0d6f0e87154bd8cd966086d7f24cc6c611414ae60ebb858eebed8383f
/TIM0/SYOP_S02.TIM,22129,33312,logical2048,c8c9b85b8106b1a974c3e1644498a537cbb9dc26ac376ac89acd1d94f9399974
/TIM0/SYOP_S03.TIM,22146,66080,logical2048,734471deae3baead96d8c8f2a88a7aa2370a32513b4d2eca73cc4c39136da602
/TIM0/TITL0.TIM,22179,66080,logical2048,0e7925eb292f8888dcdb4b02f97266599de8bd0d7741818751b3f5f19d03311e
/TIM0/TITL1.TIM,22212,51744,logical2048,e3399fafe0c8eee90328f2a2a0f3b03c447f481c23e783b4b9e270ac6a1b6770
/TIM0/TOWN_PR1.TIM,22238,41504,logical2048,8c08e15da000ef410367f21dfa73c1fae5de71d6f4b377136d5daaf4fd012612
/TIM0/TOWN_YU1.TIM,22259,35360,logical2048,238c823bd23cae6bfbffbc8170ff5e9e8dd0188390d57df07cc202f24d039a09
/TIM1/ENDMOJI.TIM,1257,6208,logical2048,335b21b4acc70f06dc5aecbf89d60e6631f4b52813e20111eb493f6c1757188c
/TIM1/ENDSH00.TIM,1261,61984,logical2048,9f640be4179bb767511e8b4070f34dd6ad40216c073c7b1efccae2f26d376d4e
/TIM1/ENDSH01.TIM,1292,61984,logical2048,037ceaa147956554be66cb0f3af99eeccc71aa72a87ced6af3cf06497a08526a
/TIM1/HULOGO0.TIM,1323,57888,logical2048,bd7931a9bf3f3e86eadfe0b4b51b763dad122f569e25ff1b4c4017657628a535
/TIM1/HULOGO1.TIM,1352,57888,logical2048,8a81edf1c11025da27db09b3b13b0826c27d6cf21f07dff0b88df59008b2f038
/TIM1/MISE000.TIM,1381,25120,logical2048,a8393045ea6ea63b9b99577bac7e5895a84ee87bd9132149995b92318991d589
/TIM1/MISE001.TIM,1394,21024,logical2048,06314b9d7c4e7b564dbe32c6f2c5d8b6ebed6dc7915d6d0e7d84e7c943865f3b
/TIM1/MISE002.TIM,1405,41504,logical2048,ed464d026bf9729c3d615d5a8b7da687054506040948a53bc9cc98f5f7b49b0b
/TIM1/MISE003.TIM,1426,31264,logical2048,7f8a1e2b938c0f9619163f2ac8fc3fe4e942056043e1a94ae00a28d8915d544a
/TIM1/MISE005.TIM,1442,39968,logical2048,a172cfceee32dfb4fed482a307e086ae483fe0a2742f5af0136a84f07639d3f2
/TIM1/MISE006.TIM,1462,31264,logical2048,de059c0a32120bf80ef2853131bd0c1b3d4aa9f1cbb23aa5f013bd773ece80ad
/TIM1/TOTYO001.TIM,1478,39968,logical2048,85bd0230564b7614e9b28a8d2a0528bf2ddc2f1b2117d20cc0c81d941cf02fdb
