id,name_ja,direction,phase,file,frame_size,anchor_px,alpha_bbox,source_sheet,source_cell_xyxy,source_row,source_column,operation,mirrored,scale_applied,motion_authenticity,edge_cleanup
staff_001,staff_001,down,A,sprites/staff_001_down_A.png,"[160, 160]","[80, 154]","[42, 71, 118, 154]",source_sheets/staff_sheet_1_of_4.png,"[313, 139, 456, 228]",1,1,crop_background_remove,False,False,not_original_game_verified,"{'method': 'one_pixel_white_matte_removal', 'removed_pixels': 276, 'interior_unchanged': True}"
staff_001,staff_001,down,B,sprites/staff_001_down_B.png,"[160, 160]","[80, 154]","[42, 71, 117, 154]",source_sheets/staff_sheet_1_of_4.png,"[464, 139, 605, 228]",1,2,crop_background_remove,False,False,not_original_game_verified,"{'method': 'one_pixel_white_matte_removal', 'removed_pixels': 242, 'interior_unchanged': True}"
staff_001,staff_001,left,A,sprites/staff_001_left_A.png,"[160, 160]","[80, 154]","[46, 70, 115, 154]",source_sheets/staff_sheet_1_of_4.png,"[613, 139, 750, 228]",1,3,crop_background_remove,False,False,not_original_game_verified,"{'method': 'one_pixel_white_matte_removal', 'removed_pixels': 290, 'interior_unchanged': True}"
staff_001,staff_001,left,B,sprites/staff_001_left_B.png,"[160, 160]","[80, 154]","[46, 70, 115, 154]",source_sheets/staff_sheet_1_of_4.png,"[1046, 139, 1180, 228]",1,6,crop_background_remove_and_mirror,True,False,not_original_game_verified,"{'method': 'one_pixel_white_matte_removal', 'removed_pixels': 264, 'interior_unchanged': True}"
staff_001,staff_001,right,A,sprites/staff_001_right_A.png,"[160, 160]","[80, 154]","[46, 68, 114, 154]",source_sheets/staff_sheet_1_of_4.png,"[903, 139, 1038, 228]",1,5,crop_background_remove,False,False,not_original_game_verified,"{'method': 'one_pixel_white_matte_removal', 'removed_pixels': 273, 'interior_unchanged': True}"
staff_001,staff_001,right,B,sprites/staff_001_right_B.png,"[160, 160]","[80, 154]","[46, 70, 115, 154]",source_sheets/staff_sheet_1_of_4.png,"[1046, 139, 1180, 228]",1,6,crop_background_remove,False,False,not_original_game_verified,"{'method': 'one_pixel_white_matte_removal', 'removed_pixels': 264, 'interior_unchanged': True}"
staff_001,staff_001,up,A,sprites/staff_001_up_A.png,"[160, 160]","[80, 154]","[46, 68, 115, 154]",source_sheets/staff_sheet_1_of_4.png,"[1188, 139, 1322, 228]",1,7,crop_background_remove,False,False,not_original_game_verified,"{'method': 'one_pixel_white_matte_removal', 'removed_pixels': 279, 'interior_unchanged': True}"
staff_001,staff_001,up,B,sprites/staff_001_up_B.png,"[160, 160]","[80, 154]","[46, 68, 114, 154]",source_sheets/staff_sheet_1_of_4.png,"[1330, 139, 1459, 228]",1,8,crop_background_remove,False,False,not_original_game_verified,"{'method': 'one_pixel_white_matte_removal', 'removed_pixels': 296, 'interior_unchanged': True}"
staff_002,staff_002,down,A,sprites/staff_002_down_A.png,"[160, 160]","[80, 154]","[45, 71, 117, 154]",source_sheets/staff_sheet_1_of_4.png,"[313, 236, 456, 324]",2,1,crop_background_remove,False,False,not_original_game_verified,"{'method': 'one_pixel_white_matte_removal', 'removed_pixels': 261, 'interior_unchanged': True}"
staff_002,staff_002,down,B,sprites/staff_002_down_B.png,"[160, 160]","[80, 154]","[46, 70, 115, 154]",source_sheets/staff_sheet_1_of_4.png,"[464, 236, 605, 324]",2,2,crop_background_remove,False,False,not_original_game_verified,"{'method': 'one_pixel_white_matte_removal', 'removed_pixels': 238, 'interior_unchanged': True}"
staff_002,staff_002,left,A,sprites/staff_002_left_A.png,"[160, 160]","[80, 154]","[48, 70, 113, 154]",source_sheets/staff_sheet_1_of_4.png,"[613, 236, 750, 324]",2,3,crop_background_remove,False,False,not_original_game_verified,"{'method': 'one_pixel_white_matte_removal', 'removed_pixels': 273, 'interior_unchanged': True}"
staff_002,staff_002,left,B,sprites/staff_002_left_B.png,"[160, 160]","[80, 154]","[48, 71, 113, 154]",source_sheets/staff_sheet_1_of_4.png,"[1046, 236, 1180, 324]",2,6,crop_background_remove_and_mirror,True,False,not_original_game_verified,"{'method': 'one_pixel_white_matte_removal', 'removed_pixels': 267, 'interior_unchanged': True}"
staff_002,staff_002,right,A,sprites/staff_002_right_A.png,"[160, 160]","[80, 154]","[48, 71, 113, 154]",source_sheets/staff_sheet_1_of_4.png,"[903, 236, 1038, 324]",2,5,crop_background_remove,False,False,not_original_game_verified,"{'method': 'one_pixel_white_matte_removal', 'removed_pixels': 240, 'interior_unchanged': True}"
staff_002,staff_002,right,B,sprites/staff_002_right_B.png,"[160, 160]","[80, 154]","[48, 71, 113, 154]",source_sheets/staff_sheet_1_of_4.png,"[1046, 236, 1180, 324]",2,6,crop_background_remove,False,False,not_original_game_verified,"{'method': 'one_pixel_white_matte_removal', 'removed_pixels': 271, 'interior_unchanged': True}"
staff_002,staff_002,up,A,sprites/staff_002_up_A.png,"[160, 160]","[80, 154]","[46, 73, 114, 154]",source_sheets/staff_sheet_1_of_4.png,"[1188, 236, 1322, 324]",2,7,crop_background_remove,False,False,not_original_game_verified,"{'method': 'one_pixel_white_matte_removal', 'removed_pixels': 268, 'interior_unchanged': True}"
staff_002,staff_002,up,B,sprites/staff_002_up_B.png,"[160, 160]","[80, 154]","[47, 72, 113, 153]",source_sheets/staff_sheet_1_of_4.png,"[1330, 236, 1459, 324]",2,8,crop_background_remove,False,False,not_original_game_verified,"{'method': 'one_pixel_white_matte_removal', 'removed_pixels': 273, 'interior_unchanged': True}"
staff_003,staff_003,down,A,sprites/staff_003_down_A.png,"[160, 160]","[80, 154]","[37, 66, 124, 154]",source_sheets/staff_sheet_1_of_4.png,"[313, 332, 456, 422]",3,1,crop_background_remove,False,False,not_original_game_verified,"{'method': 'one_pixel_white_matte_removal', 'removed_pixels': 329, 'interior_unchanged': True}"
staff_003,staff_003,down,B,sprites/staff_003_down_B.png,"[160, 160]","[80, 154]","[37, 67, 123, 154]",source_sheets/staff_sheet_1_of_4.png,"[464, 332, 605, 422]",3,2,crop_background_remove,False,False,not_original_game_verified,"{'method': 'one_pixel_white_matte_removal', 'removed_pixels': 291, 'interior_unchanged': True}"
staff_003,staff_003,left,A,sprites/staff_003_left_A.png,"[160, 160]","[80, 154]","[45, 68, 115, 153]",source_sheets/staff_sheet_1_of_4.png,"[613, 332, 750, 422]",3,3,crop_background_remove,False,False,not_original_game_verified,"{'method': 'one_pixel_white_matte_removal', 'removed_pixels': 310, 'interior_unchanged': True}"
staff_003,staff_003,left,B,sprites/staff_003_left_B.png,"[160, 160]","[80, 154]","[44, 68, 116, 153]",source_sheets/staff_sheet_1_of_4.png,"[1046, 332, 1180, 422]",3,6,crop_background_remove_and_mirror,True,False,not_original_game_verified,"{'method': 'one_pixel_white_matte_removal', 'removed_pixels': 272, 'interior_unchanged': True}"
staff_003,staff_003,right,A,sprites/staff_003_right_A.png,"[160, 160]","[80, 154]","[46, 68, 115, 153]",source_sheets/staff_sheet_1_of_4.png,"[903, 332, 1038, 422]",3,5,crop_background_remove,False,False,not_original_game_verified,"{'method': 'one_pixel_white_matte_removal', 'removed_pixels': 277, 'interior_unchanged': True}"
staff_003,staff_003,right,B,sprites/staff_003_right_B.png,"[160, 160]","[80, 154]","[44, 68, 116, 153]",source_sheets/staff_sheet_1_of_4.png,"[1046, 332, 1180, 422]",3,6,crop_background_remove,False,False,not_original_game_verified,"{'method': 'one_pixel_white_matte_removal', 'removed_pixels': 271, 'interior_unchanged': True}"
staff_003,staff_003,up,A,sprites/staff_003_up_A.png,"[160, 160]","[80, 154]","[39, 67, 121, 153]",source_sheets/staff_sheet_1_of_4.png,"[1188, 332, 1322, 422]",3,7,crop_background_remove,False,False,not_original_game_verified,"{'method': 'one_pixel_white_matte_removal', 'removed_pixels': 342, 'interior_unchanged': True}"
staff_003,staff_003,up,B,sprites/staff_003_up_B.png,"[160, 160]","[80, 154]","[39, 68, 121, 153]",source_sheets/staff_sheet_1_of_4.png,"[1330, 332, 1459, 422]",3,8,crop_background_remove,False,False,not_original_game_verified,"{'method': 'one_pixel_white_matte_removal', 'removed_pixels': 321, 'interior_unchanged': True}"
staff_004,staff_004,down,A,sprites/staff_004_down_A.png,"[160, 160]","[80, 154]","[46, 66, 115, 154]",source_sheets/staff_sheet_1_of_4.png,"[313, 430, 456, 520]",4,1,crop_background_remove,False,False,not_original_game_verified,"{'method': 'one_pixel_white_matte_removal', 'removed_pixels': 263, 'interior_unchanged': True}"
staff_004,staff_004,down,B,sprites/staff_004_down_B.png,"[160, 160]","[80, 154]","[47, 66, 113, 154]",source_sheets/staff_sheet_1_of_4.png,"[464, 430, 605, 520]",4,2,crop_background_remove,False,False,not_original_game_verified,"{'method': 'one_pixel_white_matte_removal', 'removed_pixels': 267, 'interior_unchanged': True}"
staff_004,staff_004,left,A,sprites/staff_004_left_A.png,"[160, 160]","[80, 154]","[48, 65, 113, 154]",source_sheets/staff_sheet_1_of_4.png,"[613, 430, 750, 520]",4,3,crop_background_remove,False,False,not_original_game_verified,"{'method': 'one_pixel_white_matte_removal', 'removed_pixels': 280, 'interior_unchanged': True}"
staff_004,staff_004,left,B,sprites/staff_004_left_B.png,"[160, 160]","[80, 154]","[48, 66, 113, 154]",source_sheets/staff_sheet_1_of_4.png,"[1046, 430, 1180, 520]",4,6,crop_background_remove_and_mirror,True,False,not_original_game_verified,"{'method': 'one_pixel_white_matte_removal', 'removed_pixels': 243, 'interior_unchanged': True}"
staff_004,staff_004,right,A,sprites/staff_004_right_A.png,"[160, 160]","[80, 154]","[48, 66, 113, 154]",source_sheets/staff_sheet_1_of_4.png,"[903, 430, 1038, 520]",4,5,crop_background_remove,False,False,not_original_game_verified,"{'method': 'one_pixel_white_matte_removal', 'removed_pixels': 213, 'interior_unchanged': True}"
staff_004,staff_004,right,B,sprites/staff_004_right_B.png,"[160, 160]","[80, 154]","[48, 66, 113, 154]",source_sheets/staff_sheet_1_of_4.png,"[1046, 430, 1180, 520]",4,6,crop_background_remove,False,False,not_original_game_verified,"{'method': 'one_pixel_white_matte_removal', 'removed_pixels': 245, 'interior_unchanged': True}"
staff_004,staff_004,up,A,sprites/staff_004_up_A.png,"[160, 160]","[80, 154]","[46, 64, 114, 154]",source_sheets/staff_sheet_1_of_4.png,"[1188, 430, 1322, 520]",4,7,crop_background_remove,False,False,not_original_game_verified,"{'method': 'one_pixel_white_matte_removal', 'removed_pixels': 280, 'interior_unchanged': True}"
staff_004,staff_004,up,B,sprites/staff_004_up_B.png,"[160, 160]","[80, 154]","[46, 64, 114, 154]",source_sheets/staff_sheet_1_of_4.png,"[1330, 430, 1459, 520]",4,8,crop_background_remove,False,False,not_original_game_verified,"{'method': 'one_pixel_white_matte_removal', 'removed_pixels': 274, 'interior_unchanged': True}"
staff_005,staff_005,down,A,sprites/staff_005_down_A.png,"[160, 160]","[80, 154]","[43, 69, 118, 154]",source_sheets/staff_sheet_1_of_4.png,"[313, 528, 456, 616]",5,1,crop_background_remove,False,False,not_original_game_verified,"{'method': 'one_pixel_white_matte_removal', 'removed_pixels': 282, 'interior_unchanged': True}"
staff_005,staff_005,down,B,sprites/staff_005_down_B.png,"[160, 160]","[80, 154]","[44, 69, 117, 154]",source_sheets/staff_sheet_1_of_4.png,"[464, 528, 605, 616]",5,2,crop_background_remove,False,False,not_original_game_verified,"{'method': 'one_pixel_white_matte_removal', 'removed_pixels': 269, 'interior_unchanged': True}"
staff_005,staff_005,left,A,sprites/staff_005_left_A.png,"[160, 160]","[80, 154]","[44, 69, 117, 154]",source_sheets/staff_sheet_1_of_4.png,"[613, 528, 750, 616]",5,3,crop_background_remove,False,False,not_original_game_verified,"{'method': 'one_pixel_white_matte_removal', 'removed_pixels': 286, 'interior_unchanged': True}"
staff_005,staff_005,left,B,sprites/staff_005_left_B.png,"[160, 160]","[80, 154]","[44, 70, 117, 154]",source_sheets/staff_sheet_1_of_4.png,"[1046, 528, 1180, 616]",5,6,crop_background_remove_and_mirror,True,False,not_original_game_verified,"{'method': 'one_pixel_white_matte_removal', 'removed_pixels': 275, 'interior_unchanged': True}"
staff_005,staff_005,right,A,sprites/staff_005_right_A.png,"[160, 160]","[80, 154]","[45, 70, 117, 154]",source_sheets/staff_sheet_1_of_4.png,"[903, 528, 1038, 616]",5,5,crop_background_remove,False,False,not_original_game_verified,"{'method': 'one_pixel_white_matte_removal', 'removed_pixels': 238, 'interior_unchanged': True}"
staff_005,staff_005,right,B,sprites/staff_005_right_B.png,"[160, 160]","[80, 154]","[44, 70, 117, 154]",source_sheets/staff_sheet_1_of_4.png,"[1046, 528, 1180, 616]",5,6,crop_background_remove,False,False,not_original_game_verified,"{'method': 'one_pixel_white_matte_removal', 'removed_pixels': 274, 'interior_unchanged': True}"
staff_005,staff_005,up,A,sprites/staff_005_up_A.png,"[160, 160]","[80, 154]","[44, 69, 116, 154]",source_sheets/staff_sheet_1_of_4.png,"[1188, 528, 1322, 616]",5,7,crop_background_remove,False,False,not_original_game_verified,"{'method': 'one_pixel_white_matte_removal', 'removed_pixels': 293, 'interior_unchanged': True}"
staff_005,staff_005,up,B,sprites/staff_005_up_B.png,"[160, 160]","[80, 154]","[45, 69, 115, 153]",source_sheets/staff_sheet_1_of_4.png,"[1330, 528, 1459, 616]",5,8,crop_background_remove,False,False,not_original_game_verified,"{'method': 'one_pixel_white_matte_removal', 'removed_pixels': 288, 'interior_unchanged': True}"
staff_006,staff_006,down,A,sprites/staff_006_down_A.png,"[160, 160]","[80, 154]","[39, 63, 122, 154]",source_sheets/staff_sheet_1_of_4.png,"[313, 624, 456, 717]",6,1,crop_background_remove,False,False,not_original_game_verified,"{'method': 'one_pixel_white_matte_removal', 'removed_pixels': 280, 'interior_unchanged': True}"
staff_006,staff_006,down,B,sprites/staff_006_down_B.png,"[160, 160]","[80, 154]","[39, 63, 121, 154]",source_sheets/staff_sheet_1_of_4.png,"[464, 624, 605, 717]",6,2,crop_background_remove,False,False,not_original_game_verified,"{'method': 'one_pixel_white_matte_removal', 'removed_pixels': 273, 'interior_unchanged': True}"
staff_006,staff_006,left,A,sprites/staff_006_left_A.png,"[160, 160]","[80, 154]","[43, 63, 118, 154]",source_sheets/staff_sheet_1_of_4.png,"[613, 624, 750, 717]",6,3,crop_background_remove,False,False,not_original_game_verified,"{'method': 'one_pixel_white_matte_removal', 'removed_pixels': 300, 'interior_unchanged': True}"
staff_006,staff_006,left,B,sprites/staff_006_left_B.png,"[160, 160]","[80, 154]","[42, 63, 119, 153]",source_sheets/staff_sheet_1_of_4.png,"[1046, 624, 1180, 717]",6,6,crop_background_remove_and_mirror,True,False,not_original_game_verified,"{'method': 'one_pixel_white_matte_removal', 'removed_pixels': 298, 'interior_unchanged': True}"
staff_006,staff_006,right,A,sprites/staff_006_right_A.png,"[160, 160]","[80, 154]","[43, 63, 117, 154]",source_sheets/staff_sheet_1_of_4.png,"[903, 624, 1038, 717]",6,5,crop_background_remove,False,False,not_original_game_verified,"{'method': 'one_pixel_white_matte_removal', 'removed_pixels': 276, 'interior_unchanged': True}"
staff_006,staff_006,right,B,sprites/staff_006_right_B.png,"[160, 160]","[80, 154]","[42, 63, 119, 153]",source_sheets/staff_sheet_1_of_4.png,"[1046, 624, 1180, 717]",6,6,crop_background_remove,False,False,not_original_game_verified,"{'method': 'one_pixel_white_matte_removal', 'removed_pixels': 298, 'interior_unchanged': True}"
staff_006,staff_006,up,A,sprites/staff_006_up_A.png,"[160, 160]","[80, 154]","[41, 63, 120, 153]",source_sheets/staff_sheet_1_of_4.png,"[1188, 624, 1322, 717]",6,7,crop_background_remove,False,False,not_original_game_verified,"{'method': 'one_pixel_white_matte_removal', 'removed_pixels': 310, 'interior_unchanged': True}"
staff_006,staff_006,up,B,sprites/staff_006_up_B.png,"[160, 160]","[80, 154]","[41, 64, 119, 153]",source_sheets/staff_sheet_1_of_4.png,"[1330, 624, 1459, 717]",6,8,crop_background_remove,False,False,not_original_game_verified,"{'method': 'one_pixel_white_matte_removal', 'removed_pixels': 298, 'interior_unchanged': True}"
staff_007,staff_007,down,A,sprites/staff_007_down_A.png,"[160, 160]","[80, 154]","[41, 64, 119, 154]",source_sheets/staff_sheet_1_of_4.png,"[313, 725, 456, 816]",7,1,crop_background_remove,False,False,not_original_game_verified,"{'method': 'one_pixel_white_matte_removal', 'removed_pixels': 306, 'interior_unchanged': True}"
staff_007,staff_007,down,B,sprites/staff_007_down_B.png,"[160, 160]","[80, 154]","[41, 65, 120, 154]",source_sheets/staff_sheet_1_of_4.png,"[464, 725, 605, 816]",7,2,crop_background_remove,False,False,not_original_game_verified,"{'method': 'one_pixel_white_matte_removal', 'removed_pixels': 309, 'interior_unchanged': True}"
staff_007,staff_007,left,A,sprites/staff_007_left_A.png,"[160, 160]","[80, 154]","[44, 66, 117, 154]",source_sheets/staff_sheet_1_of_4.png,"[613, 725, 750, 816]",7,3,crop_background_remove,False,False,not_original_game_verified,"{'method': 'one_pixel_white_matte_removal', 'removed_pixels': 312, 'interior_unchanged': True}"
staff_007,staff_007,left,B,sprites/staff_007_left_B.png,"[160, 160]","[80, 154]","[44, 67, 117, 154]",source_sheets/staff_sheet_1_of_4.png,"[1046, 725, 1180, 816]",7,6,crop_background_remove_and_mirror,True,False,not_original_game_verified,"{'method': 'one_pixel_white_matte_removal', 'removed_pixels': 306, 'interior_unchanged': True}"
staff_007,staff_007,right,A,sprites/staff_007_right_A.png,"[160, 160]","[80, 154]","[43, 67, 116, 154]",source_sheets/staff_sheet_1_of_4.png,"[903, 725, 1038, 816]",7,5,crop_background_remove,False,False,not_original_game_verified,"{'method': 'one_pixel_white_matte_removal', 'removed_pixels': 288, 'interior_unchanged': True}"
staff_007,staff_007,right,B,sprites/staff_007_right_B.png,"[160, 160]","[80, 154]","[44, 67, 117, 154]",source_sheets/staff_sheet_1_of_4.png,"[1046, 725, 1180, 816]",7,6,crop_background_remove,False,False,not_original_game_verified,"{'method': 'one_pixel_white_matte_removal', 'removed_pixels': 305, 'interior_unchanged': True}"
staff_007,staff_007,up,A,sprites/staff_007_up_A.png,"[160, 160]","[80, 154]","[44, 64, 117, 154]",source_sheets/staff_sheet_1_of_4.png,"[1188, 725, 1322, 816]",7,7,crop_background_remove,False,False,not_original_game_verified,"{'method': 'one_pixel_white_matte_removal', 'removed_pixels': 313, 'interior_unchanged': True}"
staff_007,staff_007,up,B,sprites/staff_007_up_B.png,"[160, 160]","[80, 154]","[46, 64, 116, 154]",source_sheets/staff_sheet_1_of_4.png,"[1330, 725, 1459, 816]",7,8,crop_background_remove,False,False,not_original_game_verified,"{'method': 'one_pixel_white_matte_removal', 'removed_pixels': 303, 'interior_unchanged': True}"
staff_008,staff_008,down,A,sprites/staff_008_down_A.png,"[160, 160]","[80, 154]","[42, 69, 119, 154]",source_sheets/staff_sheet_1_of_4.png,"[313, 824, 456, 915]",8,1,crop_background_remove,False,False,not_original_game_verified,"{'method': 'one_pixel_white_matte_removal', 'removed_pixels': 290, 'interior_unchanged': True}"
staff_008,staff_008,down,B,sprites/staff_008_down_B.png,"[160, 160]","[80, 154]","[43, 70, 117, 154]",source_sheets/staff_sheet_1_of_4.png,"[464, 824, 605, 915]",8,2,crop_background_remove,False,False,not_original_game_verified,"{'method': 'one_pixel_white_matte_removal', 'removed_pixels': 251, 'interior_unchanged': True}"
staff_008,staff_008,left,A,sprites/staff_008_left_A.png,"[160, 160]","[80, 154]","[46, 70, 115, 154]",source_sheets/staff_sheet_1_of_4.png,"[613, 824, 750, 915]",8,3,crop_background_remove,False,False,not_original_game_verified,"{'method': 'one_pixel_white_matte_removal', 'removed_pixels': 268, 'interior_unchanged': True}"
staff_008,staff_008,left,B,sprites/staff_008_left_B.png,"[160, 160]","[80, 154]","[46, 70, 115, 154]",source_sheets/staff_sheet_1_of_4.png,"[1046, 824, 1180, 915]",8,6,crop_background_remove_and_mirror,True,False,not_original_game_verified,"{'method': 'one_pixel_white_matte_removal', 'removed_pixels': 257, 'interior_unchanged': True}"
staff_008,staff_008,right,A,sprites/staff_008_right_A.png,"[160, 160]","[80, 154]","[46, 70, 114, 154]",source_sheets/staff_sheet_1_of_4.png,"[903, 824, 1038, 915]",8,5,crop_background_remove,False,False,not_original_game_verified,"{'method': 'one_pixel_white_matte_removal', 'removed_pixels': 236, 'interior_unchanged': True}"
staff_008,staff_008,right,B,sprites/staff_008_right_B.png,"[160, 160]","[80, 154]","[46, 70, 115, 154]",source_sheets/staff_sheet_1_of_4.png,"[1046, 824, 1180, 915]",8,6,crop_background_remove,False,False,not_original_game_verified,"{'method': 'one_pixel_white_matte_removal', 'removed_pixels': 260, 'interior_unchanged': True}"
staff_008,staff_008,up,A,sprites/staff_008_up_A.png,"[160, 160]","[80, 154]","[45, 70, 116, 153]",source_sheets/staff_sheet_1_of_4.png,"[1188, 824, 1322, 915]",8,7,crop_background_remove,False,False,not_original_game_verified,"{'method': 'one_pixel_white_matte_removal', 'removed_pixels': 296, 'interior_unchanged': True}"
staff_008,staff_008,up,B,sprites/staff_008_up_B.png,"[160, 160]","[80, 154]","[46, 69, 115, 153]",source_sheets/staff_sheet_1_of_4.png,"[1330, 824, 1459, 915]",8,8,crop_background_remove,False,False,not_original_game_verified,"{'method': 'one_pixel_white_matte_removal', 'removed_pixels': 271, 'interior_unchanged': True}"
staff_009,staff_009,down,A,sprites/staff_009_down_A.png,"[160, 160]","[80, 154]","[36, 65, 124, 154]",source_sheets/staff_sheet_1_of_4.png,"[313, 923, 456, 1019]",9,1,crop_background_remove,False,False,not_original_game_verified,"{'method': 'one_pixel_white_matte_removal', 'removed_pixels': 352, 'interior_unchanged': True}"
staff_009,staff_009,down,B,sprites/staff_009_down_B.png,"[160, 160]","[80, 154]","[37, 64, 123, 154]",source_sheets/staff_sheet_1_of_4.png,"[464, 923, 605, 1019]",9,2,crop_background_remove,False,False,not_original_game_verified,"{'method': 'one_pixel_white_matte_removal', 'removed_pixels': 333, 'interior_unchanged': True}"
staff_009,staff_009,left,A,sprites/staff_009_left_A.png,"[160, 160]","[80, 154]","[42, 65, 119, 154]",source_sheets/staff_sheet_1_of_4.png,"[613, 923, 750, 1019]",9,3,crop_background_remove,False,False,not_original_game_verified,"{'method': 'one_pixel_white_matte_removal', 'removed_pixels': 313, 'interior_unchanged': True}"
staff_009,staff_009,left,B,sprites/staff_009_left_B.png,"[160, 160]","[80, 154]","[41, 65, 119, 153]",source_sheets/staff_sheet_1_of_4.png,"[1046, 923, 1180, 1019]",9,6,crop_background_remove_and_mirror,True,False,not_original_game_verified,"{'method': 'one_pixel_white_matte_removal', 'removed_pixels': 326, 'interior_unchanged': True}"
staff_009,staff_009,right,A,sprites/staff_009_right_A.png,"[160, 160]","[80, 154]","[40, 65, 119, 154]",source_sheets/staff_sheet_1_of_4.png,"[903, 923, 1038, 1019]",9,5,crop_background_remove,False,False,not_original_game_verified,"{'method': 'one_pixel_white_matte_removal', 'removed_pixels': 263, 'interior_unchanged': True}"
staff_009,staff_009,right,B,sprites/staff_009_right_B.png,"[160, 160]","[80, 154]","[41, 65, 119, 153]",source_sheets/staff_sheet_1_of_4.png,"[1046, 923, 1180, 1019]",9,6,crop_background_remove,False,False,not_original_game_verified,"{'method': 'one_pixel_white_matte_removal', 'removed_pixels': 325, 'interior_unchanged': True}"
staff_009,staff_009,up,A,sprites/staff_009_up_A.png,"[160, 160]","[80, 154]","[38, 64, 123, 153]",source_sheets/staff_sheet_1_of_4.png,"[1188, 923, 1322, 1019]",9,7,crop_background_remove,False,False,not_original_game_verified,"{'method': 'one_pixel_white_matte_removal', 'removed_pixels': 354, 'interior_unchanged': True}"
staff_009,staff_009,up,B,sprites/staff_009_up_B.png,"[160, 160]","[80, 154]","[38, 65, 122, 153]",source_sheets/staff_sheet_1_of_4.png,"[1330, 923, 1459, 1019]",9,8,crop_background_remove,False,False,not_original_game_verified,"{'method': 'one_pixel_white_matte_removal', 'removed_pixels': 332, 'interior_unchanged': True}"
staff_010,staff_010,down,A,sprites/staff_010_down_A.png,"[160, 160]","[80, 154]","[43, 62, 118, 153]",source_sheets/staff_sheet_2_of_4.png,"[293, 138, 433, 233]",1,1,crop_background_remove,False,False,not_original_game_verified,"{'method': 'one_pixel_white_matte_removal', 'removed_pixels': 356, 'interior_unchanged': True}"
staff_010,staff_010,down,B,sprites/staff_010_down_B.png,"[160, 160]","[80, 154]","[43, 62, 118, 154]",source_sheets/staff_sheet_2_of_4.png,"[441, 138, 584, 233]",1,2,crop_background_remove,False,False,not_original_game_verified,"{'method': 'one_pixel_white_matte_removal', 'removed_pixels': 320, 'interior_unchanged': True}"
staff_010,staff_010,left,A,sprites/staff_010_left_A.png,"[160, 160]","[80, 154]","[45, 62, 115, 154]",source_sheets/staff_sheet_2_of_4.png,"[592, 138, 735, 233]",1,3,crop_background_remove,False,False,not_original_game_verified,"{'method': 'one_pixel_white_matte_removal', 'removed_pixels': 328, 'interior_unchanged': True}"
staff_010,staff_010,left,B,sprites/staff_010_left_B.png,"[160, 160]","[80, 154]","[48, 62, 112, 154]",source_sheets/staff_sheet_2_of_4.png,"[1028, 138, 1160, 233]",1,6,crop_background_remove_and_mirror,True,False,not_original_game_verified,"{'method': 'one_pixel_white_matte_removal', 'removed_pixels': 318, 'interior_unchanged': True}"
staff_010,staff_010,right,A,sprites/staff_010_right_A.png,"[160, 160]","[80, 154]","[46, 62, 113, 153]",source_sheets/staff_sheet_2_of_4.png,"[891, 138, 1020, 233]",1,5,crop_background_remove,False,False,not_original_game_verified,"{'method': 'one_pixel_white_matte_removal', 'removed_pixels': 308, 'interior_unchanged': True}"
staff_010,staff_010,right,B,sprites/staff_010_right_B.png,"[160, 160]","[80, 154]","[48, 62, 112, 154]",source_sheets/staff_sheet_2_of_4.png,"[1028, 138, 1160, 233]",1,6,crop_background_remove,False,False,not_original_game_verified,"{'method': 'one_pixel_white_matte_removal', 'removed_pixels': 320, 'interior_unchanged': True}"
staff_010,staff_010,up,A,sprites/staff_010_up_A.png,"[160, 160]","[80, 154]","[45, 62, 115, 153]",source_sheets/staff_sheet_2_of_4.png,"[1168, 138, 1310, 233]",1,7,crop_background_remove,False,False,not_original_game_verified,"{'method': 'one_pixel_white_matte_removal', 'removed_pixels': 349, 'interior_unchanged': True}"
staff_010,staff_010,up,B,sprites/staff_010_up_B.png,"[160, 160]","[80, 154]","[45, 62, 115, 153]",source_sheets/staff_sheet_2_of_4.png,"[1318, 138, 1461, 233]",1,8,crop_background_remove,False,False,not_original_game_verified,"{'method': 'one_pixel_white_matte_removal', 'removed_pixels': 352, 'interior_unchanged': True}"
staff_011,staff_011,down,A,sprites/staff_011_down_A.png,"[160, 160]","[80, 154]","[36, 69, 124, 154]",source_sheets/staff_sheet_2_of_4.png,"[293, 241, 433, 328]",2,1,crop_background_remove,False,False,not_original_game_verified,"{'method': 'one_pixel_white_matte_removal', 'removed_pixels': 313, 'interior_unchanged': True}"
staff_011,staff_011,down,B,sprites/staff_011_down_B.png,"[160, 160]","[80, 154]","[36, 69, 123, 154]",source_sheets/staff_sheet_2_of_4.png,"[441, 241, 584, 328]",2,2,crop_background_remove,False,False,not_original_game_verified,"{'method': 'one_pixel_white_matte_removal', 'removed_pixels': 277, 'interior_unchanged': True}"
staff_011,staff_011,left,A,sprites/staff_011_left_A.png,"[160, 160]","[80, 154]","[41, 69, 120, 154]",source_sheets/staff_sheet_2_of_4.png,"[592, 241, 735, 328]",2,3,crop_background_remove,False,False,not_original_game_verified,"{'method': 'one_pixel_white_matte_removal', 'removed_pixels': 346, 'interior_unchanged': True}"
staff_011,staff_011,left,B,sprites/staff_011_left_B.png,"[160, 160]","[80, 154]","[42, 69, 118, 154]",source_sheets/staff_sheet_2_of_4.png,"[1028, 241, 1160, 328]",2,6,crop_background_remove_and_mirror,True,False,not_original_game_verified,"{'method': 'one_pixel_white_matte_removal', 'removed_pixels': 316, 'interior_unchanged': True}"
staff_011,staff_011,right,A,sprites/staff_011_right_A.png,"[160, 160]","[80, 154]","[42, 69, 118, 154]",source_sheets/staff_sheet_2_of_4.png,"[891, 241, 1020, 328]",2,5,crop_background_remove,False,False,not_original_game_verified,"{'method': 'one_pixel_white_matte_removal', 'removed_pixels': 296, 'interior_unchanged': True}"
staff_011,staff_011,right,B,sprites/staff_011_right_B.png,"[160, 160]","[80, 154]","[42, 69, 118, 154]",source_sheets/staff_sheet_2_of_4.png,"[1028, 241, 1160, 328]",2,6,crop_background_remove,False,False,not_original_game_verified,"{'method': 'one_pixel_white_matte_removal', 'removed_pixels': 314, 'interior_unchanged': True}"
staff_011,staff_011,up,A,sprites/staff_011_up_A.png,"[160, 160]","[80, 154]","[41, 69, 119, 154]",source_sheets/staff_sheet_2_of_4.png,"[1168, 241, 1310, 328]",2,7,crop_background_remove,False,False,not_original_game_verified,"{'method': 'one_pixel_white_matte_removal', 'removed_pixels': 318, 'interior_unchanged': True}"
staff_011,staff_011,up,B,sprites/staff_011_up_B.png,"[160, 160]","[80, 154]","[43, 69, 117, 153]",source_sheets/staff_sheet_2_of_4.png,"[1318, 241, 1461, 328]",2,8,crop_background_remove,False,False,not_original_game_verified,"{'method': 'one_pixel_white_matte_removal', 'removed_pixels': 317, 'interior_unchanged': True}"
staff_012,staff_012,down,A,sprites/staff_012_down_A.png,"[160, 160]","[80, 154]","[39, 68, 121, 154]",source_sheets/staff_sheet_2_of_4.png,"[293, 336, 433, 424]",3,1,crop_background_remove,False,False,not_original_game_verified,"{'method': 'one_pixel_white_matte_removal', 'removed_pixels': 326, 'interior_unchanged': True}"
staff_012,staff_012,down,B,sprites/staff_012_down_B.png,"[160, 160]","[80, 154]","[40, 68, 121, 154]",source_sheets/staff_sheet_2_of_4.png,"[441, 336, 584, 424]",3,2,crop_background_remove,False,False,not_original_game_verified,"{'method': 'one_pixel_white_matte_removal', 'removed_pixels': 298, 'interior_unchanged': True}"
staff_012,staff_012,left,A,sprites/staff_012_left_A.png,"[160, 160]","[80, 154]","[41, 68, 119, 154]",source_sheets/staff_sheet_2_of_4.png,"[592, 336, 735, 424]",3,3,crop_background_remove,False,False,not_original_game_verified,"{'method': 'one_pixel_white_matte_removal', 'removed_pixels': 308, 'interior_unchanged': True}"
staff_012,staff_012,left,B,sprites/staff_012_left_B.png,"[160, 160]","[80, 154]","[42, 68, 118, 153]",source_sheets/staff_sheet_2_of_4.png,"[1028, 336, 1160, 424]",3,6,crop_background_remove_and_mirror,True,False,not_original_game_verified,"{'method': 'one_pixel_white_matte_removal', 'removed_pixels': 327, 'interior_unchanged': True}"
staff_012,staff_012,right,A,sprites/staff_012_right_A.png,"[160, 160]","[80, 154]","[42, 68, 119, 153]",source_sheets/staff_sheet_2_of_4.png,"[891, 336, 1020, 424]",3,5,crop_background_remove,False,False,not_original_game_verified,"{'method': 'one_pixel_white_matte_removal', 'removed_pixels': 278, 'interior_unchanged': True}"
staff_012,staff_012,right,B,sprites/staff_012_right_B.png,"[160, 160]","[80, 154]","[42, 68, 118, 153]",source_sheets/staff_sheet_2_of_4.png,"[1028, 336, 1160, 424]",3,6,crop_background_remove,False,False,not_original_game_verified,"{'method': 'one_pixel_white_matte_removal', 'removed_pixels': 324, 'interior_unchanged': True}"
staff_012,staff_012,up,A,sprites/staff_012_up_A.png,"[160, 160]","[80, 154]","[44, 68, 117, 154]",source_sheets/staff_sheet_2_of_4.png,"[1168, 336, 1310, 424]",3,7,crop_background_remove,False,False,not_original_game_verified,"{'method': 'one_pixel_white_matte_removal', 'removed_pixels': 315, 'interior_unchanged': True}"
staff_012,staff_012,up,B,sprites/staff_012_up_B.png,"[160, 160]","[80, 154]","[45, 68, 116, 153]",source_sheets/staff_sheet_2_of_4.png,"[1318, 336, 1461, 424]",3,8,crop_background_remove,False,False,not_original_game_verified,"{'method': 'one_pixel_white_matte_removal', 'removed_pixels': 303, 'interior_unchanged': True}"
staff_013,staff_013,down,A,sprites/staff_013_down_A.png,"[160, 160]","[80, 154]","[39, 72, 122, 154]",source_sheets/staff_sheet_2_of_4.png,"[293, 432, 433, 521]",4,1,crop_background_remove,False,False,not_original_game_verified,"{'method': 'one_pixel_white_matte_removal', 'removed_pixels': 316, 'interior_unchanged': True}"
staff_013,staff_013,down,B,sprites/staff_013_down_B.png,"[160, 160]","[80, 154]","[39, 72, 121, 154]",source_sheets/staff_sheet_2_of_4.png,"[441, 432, 584, 521]",4,2,crop_background_remove,False,False,not_original_game_verified,"{'method': 'one_pixel_white_matte_removal', 'removed_pixels': 293, 'interior_unchanged': True}"
staff_013,staff_013,left,A,sprites/staff_013_left_A.png,"[160, 160]","[80, 154]","[46, 72, 115, 153]",source_sheets/staff_sheet_2_of_4.png,"[592, 432, 735, 521]",4,3,crop_background_remove,False,False,not_original_game_verified,"{'method': 'one_pixel_white_matte_removal', 'removed_pixels': 296, 'interior_unchanged': True}"
staff_013,staff_013,left,B,sprites/staff_013_left_B.png,"[160, 160]","[80, 154]","[46, 72, 114, 153]",source_sheets/staff_sheet_2_of_4.png,"[1028, 432, 1160, 521]",4,6,crop_background_remove_and_mirror,True,False,not_original_game_verified,"{'method': 'one_pixel_white_matte_removal', 'removed_pixels': 302, 'interior_unchanged': True}"
staff_013,staff_013,right,A,sprites/staff_013_right_A.png,"[160, 160]","[80, 154]","[47, 72, 114, 153]",source_sheets/staff_sheet_2_of_4.png,"[891, 432, 1020, 521]",4,5,crop_background_remove,False,False,not_original_game_verified,"{'method': 'one_pixel_white_matte_removal', 'removed_pixels': 269, 'interior_unchanged': True}"
staff_013,staff_013,right,B,sprites/staff_013_right_B.png,"[160, 160]","[80, 154]","[46, 72, 114, 153]",source_sheets/staff_sheet_2_of_4.png,"[1028, 432, 1160, 521]",4,6,crop_background_remove,False,False,not_original_game_verified,"{'method': 'one_pixel_white_matte_removal', 'removed_pixels': 302, 'interior_unchanged': True}"
staff_013,staff_013,up,A,sprites/staff_013_up_A.png,"[160, 160]","[80, 154]","[41, 71, 119, 153]",source_sheets/staff_sheet_2_of_4.png,"[1168, 432, 1310, 521]",4,7,crop_background_remove,False,False,not_original_game_verified,"{'method': 'one_pixel_white_matte_removal', 'removed_pixels': 328, 'interior_unchanged': True}"
staff_013,staff_013,up,B,sprites/staff_013_up_B.png,"[160, 160]","[80, 154]","[43, 70, 118, 153]",source_sheets/staff_sheet_2_of_4.png,"[1318, 432, 1461, 521]",4,8,crop_background_remove,False,False,not_original_game_verified,"{'method': 'one_pixel_white_matte_removal', 'removed_pixels': 297, 'interior_unchanged': True}"
staff_014,staff_014,down,A,sprites/staff_014_down_A.png,"[160, 160]","[80, 154]","[44, 64, 117, 153]",source_sheets/staff_sheet_2_of_4.png,"[293, 529, 433, 622]",5,1,crop_background_remove,False,False,not_original_game_verified,"{'method': 'one_pixel_white_matte_removal', 'removed_pixels': 369, 'interior_unchanged': True}"
staff_014,staff_014,down,B,sprites/staff_014_down_B.png,"[160, 160]","[80, 154]","[43, 64, 117, 153]",source_sheets/staff_sheet_2_of_4.png,"[441, 529, 584, 622]",5,2,crop_background_remove,False,False,not_original_game_verified,"{'method': 'one_pixel_white_matte_removal', 'removed_pixels': 360, 'interior_unchanged': True}"
staff_014,staff_014,left,A,sprites/staff_014_left_A.png,"[160, 160]","[80, 154]","[46, 63, 113, 154]",source_sheets/staff_sheet_2_of_4.png,"[592, 529, 735, 622]",5,3,crop_background_remove,False,False,not_original_game_verified,"{'method': 'one_pixel_white_matte_removal', 'removed_pixels': 340, 'interior_unchanged': True}"
staff_014,staff_014,left,B,sprites/staff_014_left_B.png,"[160, 160]","[80, 154]","[47, 63, 113, 154]",source_sheets/staff_sheet_2_of_4.png,"[1028, 529, 1160, 622]",5,6,crop_background_remove_and_mirror,True,False,not_original_game_verified,"{'method': 'one_pixel_white_matte_removal', 'removed_pixels': 329, 'interior_unchanged': True}"
staff_014,staff_014,right,A,sprites/staff_014_right_A.png,"[160, 160]","[80, 154]","[48, 63, 113, 153]",source_sheets/staff_sheet_2_of_4.png,"[891, 529, 1020, 622]",5,5,crop_background_remove,False,False,not_original_game_verified,"{'method': 'one_pixel_white_matte_removal', 'removed_pixels': 336, 'interior_unchanged': True}"
staff_014,staff_014,right,B,sprites/staff_014_right_B.png,"[160, 160]","[80, 154]","[47, 63, 113, 154]",source_sheets/staff_sheet_2_of_4.png,"[1028, 529, 1160, 622]",5,6,crop_background_remove,False,False,not_original_game_verified,"{'method': 'one_pixel_white_matte_removal', 'removed_pixels': 336, 'interior_unchanged': True}"
staff_014,staff_014,up,A,sprites/staff_014_up_A.png,"[160, 160]","[80, 154]","[46, 64, 115, 153]",source_sheets/staff_sheet_2_of_4.png,"[1168, 529, 1310, 622]",5,7,crop_background_remove,False,False,not_original_game_verified,"{'method': 'one_pixel_white_matte_removal', 'removed_pixels': 362, 'interior_unchanged': True}"
staff_014,staff_014,up,B,sprites/staff_014_up_B.png,"[160, 160]","[80, 154]","[46, 64, 115, 153]",source_sheets/staff_sheet_2_of_4.png,"[1318, 529, 1461, 622]",5,8,crop_background_remove,False,False,not_original_game_verified,"{'method': 'one_pixel_white_matte_removal', 'removed_pixels': 336, 'interior_unchanged': True}"
staff_015,staff_015,down,A,sprites/staff_015_down_A.png,"[160, 160]","[80, 154]","[42, 66, 118, 154]",source_sheets/staff_sheet_2_of_4.png,"[293, 630, 433, 718]",6,1,crop_background_remove,False,False,not_original_game_verified,"{'method': 'one_pixel_white_matte_removal', 'removed_pixels': 255, 'interior_unchanged': True}"
staff_015,staff_015,down,B,sprites/staff_015_down_B.png,"[160, 160]","[80, 154]","[43, 66, 118, 154]",source_sheets/staff_sheet_2_of_4.png,"[441, 630, 584, 718]",6,2,crop_background_remove,False,False,not_original_game_verified,"{'method': 'one_pixel_white_matte_removal', 'removed_pixels': 241, 'interior_unchanged': True}"
staff_015,staff_015,left,A,sprites/staff_015_left_A.png,"[160, 160]","[80, 154]","[44, 66, 117, 154]",source_sheets/staff_sheet_2_of_4.png,"[592, 630, 735, 718]",6,3,crop_background_remove,False,False,not_original_game_verified,"{'method': 'one_pixel_white_matte_removal', 'removed_pixels': 264, 'interior_unchanged': True}"
staff_015,staff_015,left,B,sprites/staff_015_left_B.png,"[160, 160]","[80, 154]","[44, 66, 116, 154]",source_sheets/staff_sheet_2_of_4.png,"[1028, 630, 1160, 718]",6,6,crop_background_remove_and_mirror,True,False,not_original_game_verified,"{'method': 'one_pixel_white_matte_removal', 'removed_pixels': 254, 'interior_unchanged': True}"
staff_015,staff_015,right,A,sprites/staff_015_right_A.png,"[160, 160]","[80, 154]","[43, 66, 117, 154]",source_sheets/staff_sheet_2_of_4.png,"[891, 630, 1020, 718]",6,5,crop_background_remove,False,False,not_original_game_verified,"{'method': 'one_pixel_white_matte_removal', 'removed_pixels': 215, 'interior_unchanged': True}"
staff_015,staff_015,right,B,sprites/staff_015_right_B.png,"[160, 160]","[80, 154]","[44, 66, 116, 154]",source_sheets/staff_sheet_2_of_4.png,"[1028, 630, 1160, 718]",6,6,crop_background_remove,False,False,not_original_game_verified,"{'method': 'one_pixel_white_matte_removal', 'removed_pixels': 252, 'interior_unchanged': True}"
staff_015,staff_015,up,A,sprites/staff_015_up_A.png,"[160, 160]","[80, 154]","[45, 66, 116, 154]",source_sheets/staff_sheet_2_of_4.png,"[1168, 630, 1310, 718]",6,7,crop_background_remove,False,False,not_original_game_verified,"{'method': 'one_pixel_white_matte_removal', 'removed_pixels': 265, 'interior_unchanged': True}"
staff_015,staff_015,up,B,sprites/staff_015_up_B.png,"[160, 160]","[80, 154]","[45, 66, 115, 153]",source_sheets/staff_sheet_2_of_4.png,"[1318, 630, 1461, 718]",6,8,crop_background_remove,False,False,not_original_game_verified,"{'method': 'one_pixel_white_matte_removal', 'removed_pixels': 270, 'interior_unchanged': True}"
staff_016,staff_016,down,A,sprites/staff_016_down_A.png,"[160, 160]","[80, 154]","[41, 68, 121, 153]",source_sheets/staff_sheet_2_of_4.png,"[293, 726, 433, 816]",7,1,crop_background_remove,False,False,not_original_game_verified,"{'method': 'one_pixel_white_matte_removal', 'removed_pixels': 328, 'interior_unchanged': True}"
staff_016,staff_016,down,B,sprites/staff_016_down_B.png,"[160, 160]","[80, 154]","[40, 67, 121, 153]",source_sheets/staff_sheet_2_of_4.png,"[441, 726, 584, 816]",7,2,crop_background_remove,False,False,not_original_game_verified,"{'method': 'one_pixel_white_matte_removal', 'removed_pixels': 295, 'interior_unchanged': True}"
staff_016,staff_016,left,A,sprites/staff_016_left_A.png,"[160, 160]","[80, 154]","[48, 67, 113, 153]",source_sheets/staff_sheet_2_of_4.png,"[592, 726, 735, 816]",7,3,crop_background_remove,False,False,not_original_game_verified,"{'method': 'one_pixel_white_matte_removal', 'removed_pixels': 293, 'interior_unchanged': True}"
staff_016,staff_016,left,B,sprites/staff_016_left_B.png,"[160, 160]","[80, 154]","[47, 68, 114, 153]",source_sheets/staff_sheet_2_of_4.png,"[1028, 726, 1160, 816]",7,6,crop_background_remove_and_mirror,True,False,not_original_game_verified,"{'method': 'one_pixel_white_matte_removal', 'removed_pixels': 287, 'interior_unchanged': True}"
staff_016,staff_016,right,A,sprites/staff_016_right_A.png,"[160, 160]","[80, 154]","[45, 67, 114, 153]",source_sheets/staff_sheet_2_of_4.png,"[891, 726, 1020, 816]",7,5,crop_background_remove,False,False,not_original_game_verified,"{'method': 'one_pixel_white_matte_removal', 'removed_pixels': 267, 'interior_unchanged': True}"
staff_016,staff_016,right,B,sprites/staff_016_right_B.png,"[160, 160]","[80, 154]","[47, 68, 114, 153]",source_sheets/staff_sheet_2_of_4.png,"[1028, 726, 1160, 816]",7,6,crop_background_remove,False,False,not_original_game_verified,"{'method': 'one_pixel_white_matte_removal', 'removed_pixels': 285, 'interior_unchanged': True}"
staff_016,staff_016,up,A,sprites/staff_016_up_A.png,"[160, 160]","[80, 154]","[41, 68, 119, 153]",source_sheets/staff_sheet_2_of_4.png,"[1168, 726, 1310, 816]",7,7,crop_background_remove,False,False,not_original_game_verified,"{'method': 'one_pixel_white_matte_removal', 'removed_pixels': 312, 'interior_unchanged': True}"
staff_016,staff_016,up,B,sprites/staff_016_up_B.png,"[160, 160]","[80, 154]","[42, 68, 119, 153]",source_sheets/staff_sheet_2_of_4.png,"[1318, 726, 1461, 816]",7,8,crop_background_remove,False,False,not_original_game_verified,"{'method': 'one_pixel_white_matte_removal', 'removed_pixels': 292, 'interior_unchanged': True}"
staff_017,staff_017,down,A,sprites/staff_017_down_A.png,"[160, 160]","[80, 154]","[42, 64, 118, 154]",source_sheets/staff_sheet_2_of_4.png,"[293, 824, 433, 915]",8,1,crop_background_remove,False,False,not_original_game_verified,"{'method': 'one_pixel_white_matte_removal', 'removed_pixels': 311, 'interior_unchanged': True}"
staff_017,staff_017,down,B,sprites/staff_017_down_B.png,"[160, 160]","[80, 154]","[43, 63, 117, 154]",source_sheets/staff_sheet_2_of_4.png,"[441, 824, 584, 915]",8,2,crop_background_remove,False,False,not_original_game_verified,"{'method': 'one_pixel_white_matte_removal', 'removed_pixels': 280, 'interior_unchanged': True}"
staff_017,staff_017,left,A,sprites/staff_017_left_A.png,"[160, 160]","[80, 154]","[48, 64, 111, 154]",source_sheets/staff_sheet_2_of_4.png,"[592, 824, 735, 915]",8,3,crop_background_remove,False,False,not_original_game_verified,"{'method': 'one_pixel_white_matte_removal', 'removed_pixels': 310, 'interior_unchanged': True}"
staff_017,staff_017,left,B,sprites/staff_017_left_B.png,"[160, 160]","[80, 154]","[47, 64, 113, 154]",source_sheets/staff_sheet_2_of_4.png,"[1028, 824, 1160, 915]",8,6,crop_background_remove_and_mirror,True,False,not_original_game_verified,"{'method': 'one_pixel_white_matte_removal', 'removed_pixels': 309, 'interior_unchanged': True}"
staff_017,staff_017,right,A,sprites/staff_017_right_A.png,"[160, 160]","[80, 154]","[48, 63, 113, 154]",source_sheets/staff_sheet_2_of_4.png,"[891, 824, 1020, 915]",8,5,crop_background_remove,False,False,not_original_game_verified,"{'method': 'one_pixel_white_matte_removal', 'removed_pixels': 279, 'interior_unchanged': True}"
staff_017,staff_017,right,B,sprites/staff_017_right_B.png,"[160, 160]","[80, 154]","[47, 64, 113, 154]",source_sheets/staff_sheet_2_of_4.png,"[1028, 824, 1160, 915]",8,6,crop_background_remove,False,False,not_original_game_verified,"{'method': 'one_pixel_white_matte_removal', 'removed_pixels': 309, 'interior_unchanged': True}"
staff_017,staff_017,up,A,sprites/staff_017_up_A.png,"[160, 160]","[80, 154]","[45, 63, 116, 154]",source_sheets/staff_sheet_2_of_4.png,"[1168, 824, 1310, 915]",8,7,crop_background_remove,False,False,not_original_game_verified,"{'method': 'one_pixel_white_matte_removal', 'removed_pixels': 293, 'interior_unchanged': True}"
staff_017,staff_017,up,B,sprites/staff_017_up_B.png,"[160, 160]","[80, 154]","[45, 63, 115, 154]",source_sheets/staff_sheet_2_of_4.png,"[1318, 824, 1461, 915]",8,8,crop_background_remove,False,False,not_original_game_verified,"{'method': 'one_pixel_white_matte_removal', 'removed_pixels': 303, 'interior_unchanged': True}"
staff_018,staff_018,down,A,sprites/staff_018_down_A.png,"[160, 160]","[80, 154]","[40, 65, 122, 154]",source_sheets/staff_sheet_2_of_4.png,"[293, 923, 433, 1015]",9,1,crop_background_remove,False,False,not_original_game_verified,"{'method': 'one_pixel_white_matte_removal', 'removed_pixels': 311, 'interior_unchanged': True}"
staff_018,staff_018,down,B,sprites/staff_018_down_B.png,"[160, 160]","[80, 154]","[40, 65, 121, 154]",source_sheets/staff_sheet_2_of_4.png,"[441, 923, 584, 1015]",9,2,crop_background_remove,False,False,not_original_game_verified,"{'method': 'one_pixel_white_matte_removal', 'removed_pixels': 299, 'interior_unchanged': True}"
staff_018,staff_018,left,A,sprites/staff_018_left_A.png,"[160, 160]","[80, 154]","[44, 65, 116, 154]",source_sheets/staff_sheet_2_of_4.png,"[592, 923, 735, 1015]",9,3,crop_background_remove,False,False,not_original_game_verified,"{'method': 'one_pixel_white_matte_removal', 'removed_pixels': 319, 'interior_unchanged': True}"
staff_018,staff_018,left,B,sprites/staff_018_left_B.png,"[160, 160]","[80, 154]","[44, 66, 117, 154]",source_sheets/staff_sheet_2_of_4.png,"[1028, 923, 1160, 1015]",9,6,crop_background_remove_and_mirror,True,False,not_original_game_verified,"{'method': 'one_pixel_white_matte_removal', 'removed_pixels': 303, 'interior_unchanged': True}"
staff_018,staff_018,right,A,sprites/staff_018_right_A.png,"[160, 160]","[80, 154]","[44, 65, 117, 154]",source_sheets/staff_sheet_2_of_4.png,"[891, 923, 1020, 1015]",9,5,crop_background_remove,False,False,not_original_game_verified,"{'method': 'one_pixel_white_matte_removal', 'removed_pixels': 282, 'interior_unchanged': True}"
staff_018,staff_018,right,B,sprites/staff_018_right_B.png,"[160, 160]","[80, 154]","[44, 66, 117, 154]",source_sheets/staff_sheet_2_of_4.png,"[1028, 923, 1160, 1015]",9,6,crop_background_remove,False,False,not_original_game_verified,"{'method': 'one_pixel_white_matte_removal', 'removed_pixels': 305, 'interior_unchanged': True}"
staff_018,staff_018,up,A,sprites/staff_018_up_A.png,"[160, 160]","[80, 154]","[42, 66, 119, 154]",source_sheets/staff_sheet_2_of_4.png,"[1168, 923, 1310, 1015]",9,7,crop_background_remove,False,False,not_original_game_verified,"{'method': 'one_pixel_white_matte_removal', 'removed_pixels': 327, 'interior_unchanged': True}"
staff_018,staff_018,up,B,sprites/staff_018_up_B.png,"[160, 160]","[80, 154]","[42, 66, 118, 153]",source_sheets/staff_sheet_2_of_4.png,"[1318, 923, 1461, 1015]",9,8,crop_background_remove,False,False,not_original_game_verified,"{'method': 'one_pixel_white_matte_removal', 'removed_pixels': 326, 'interior_unchanged': True}"
staff_019,staff_019,down,A,sprites/staff_019_down_A.png,"[160, 160]","[80, 154]","[46, 68, 115, 154]",source_sheets/staff_sheet_3_of_4.png,"[322, 139, 459, 227]",1,1,crop_background_remove,False,False,not_original_game_verified,"{'method': 'one_pixel_white_matte_removal', 'removed_pixels': 289, 'interior_unchanged': True}"
staff_019,staff_019,down,B,sprites/staff_019_down_B.png,"[160, 160]","[80, 154]","[46, 68, 114, 154]",source_sheets/staff_sheet_3_of_4.png,"[467, 139, 613, 227]",1,2,crop_background_remove,False,False,not_original_game_verified,"{'method': 'one_pixel_white_matte_removal', 'removed_pixels': 260, 'interior_unchanged': True}"
staff_019,staff_019,left,A,sprites/staff_019_left_A.png,"[160, 160]","[80, 154]","[50, 69, 111, 154]",source_sheets/staff_sheet_3_of_4.png,"[621, 139, 755, 227]",1,3,crop_background_remove,False,False,not_original_game_verified,"{'method': 'one_pixel_white_matte_removal', 'removed_pixels': 276, 'interior_unchanged': True}"
staff_019,staff_019,left,B,sprites/staff_019_left_B.png,"[160, 160]","[80, 154]","[50, 69, 111, 154]",source_sheets/staff_sheet_3_of_4.png,"[1044, 139, 1176, 227]",1,6,crop_background_remove_and_mirror,True,False,not_original_game_verified,"{'method': 'one_pixel_white_matte_removal', 'removed_pixels': 262, 'interior_unchanged': True}"
staff_019,staff_019,right,A,sprites/staff_019_right_A.png,"[160, 160]","[80, 154]","[50, 69, 110, 154]",source_sheets/staff_sheet_3_of_4.png,"[905, 139, 1036, 227]",1,5,crop_background_remove,False,False,not_original_game_verified,"{'method': 'one_pixel_white_matte_removal', 'removed_pixels': 234, 'interior_unchanged': True}"
staff_019,staff_019,right,B,sprites/staff_019_right_B.png,"[160, 160]","[80, 154]","[49, 69, 110, 154]",source_sheets/staff_sheet_3_of_4.png,"[1044, 139, 1176, 227]",1,6,crop_background_remove,False,False,not_original_game_verified,"{'method': 'one_pixel_white_matte_removal', 'removed_pixels': 266, 'interior_unchanged': True}"
staff_019,staff_019,up,A,sprites/staff_019_up_A.png,"[160, 160]","[80, 154]","[48, 69, 112, 154]",source_sheets/staff_sheet_3_of_4.png,"[1184, 139, 1316, 227]",1,7,crop_background_remove,False,False,not_original_game_verified,"{'method': 'one_pixel_white_matte_removal', 'removed_pixels': 275, 'interior_unchanged': True}"
staff_019,staff_019,up,B,sprites/staff_019_up_B.png,"[160, 160]","[80, 154]","[48, 69, 112, 154]",source_sheets/staff_sheet_3_of_4.png,"[1324, 139, 1460, 227]",1,8,crop_background_remove,False,False,not_original_game_verified,"{'method': 'one_pixel_white_matte_removal', 'removed_pixels': 264, 'interior_unchanged': True}"
staff_020,staff_020,down,A,sprites/staff_020_down_A.png,"[160, 160]","[80, 154]","[44, 76, 116, 154]",source_sheets/staff_sheet_3_of_4.png,"[322, 235, 459, 321]",2,1,crop_background_remove,False,False,not_original_game_verified,"{'method': 'one_pixel_white_matte_removal', 'removed_pixels': 281, 'interior_unchanged': True}"
staff_020,staff_020,down,B,sprites/staff_020_down_B.png,"[160, 160]","[80, 154]","[44, 76, 116, 154]",source_sheets/staff_sheet_3_of_4.png,"[467, 235, 613, 321]",2,2,crop_background_remove,False,False,not_original_game_verified,"{'method': 'one_pixel_white_matte_removal', 'removed_pixels': 267, 'interior_unchanged': True}"
staff_020,staff_020,left,A,sprites/staff_020_left_A.png,"[160, 160]","[80, 154]","[46, 76, 115, 154]",source_sheets/staff_sheet_3_of_4.png,"[621, 235, 755, 321]",2,3,crop_background_remove,False,False,not_original_game_verified,"{'method': 'one_pixel_white_matte_removal', 'removed_pixels': 285, 'interior_unchanged': True}"
staff_020,staff_020,left,B,sprites/staff_020_left_B.png,"[160, 160]","[80, 154]","[46, 76, 114, 154]",source_sheets/staff_sheet_3_of_4.png,"[1044, 235, 1176, 321]",2,6,crop_background_remove_and_mirror,True,False,not_original_game_verified,"{'method': 'one_pixel_white_matte_removal', 'removed_pixels': 269, 'interior_unchanged': True}"
staff_020,staff_020,right,A,sprites/staff_020_right_A.png,"[160, 160]","[80, 154]","[46, 76, 115, 154]",source_sheets/staff_sheet_3_of_4.png,"[905, 235, 1036, 321]",2,5,crop_background_remove,False,False,not_original_game_verified,"{'method': 'one_pixel_white_matte_removal', 'removed_pixels': 229, 'interior_unchanged': True}"
staff_020,staff_020,right,B,sprites/staff_020_right_B.png,"[160, 160]","[80, 154]","[46, 76, 114, 154]",source_sheets/staff_sheet_3_of_4.png,"[1044, 235, 1176, 321]",2,6,crop_background_remove,False,False,not_original_game_verified,"{'method': 'one_pixel_white_matte_removal', 'removed_pixels': 268, 'interior_unchanged': True}"
staff_020,staff_020,up,A,sprites/staff_020_up_A.png,"[160, 160]","[80, 154]","[45, 76, 115, 154]",source_sheets/staff_sheet_3_of_4.png,"[1184, 235, 1316, 321]",2,7,crop_background_remove,False,False,not_original_game_verified,"{'method': 'one_pixel_white_matte_removal', 'removed_pixels': 277, 'interior_unchanged': True}"
staff_020,staff_020,up,B,sprites/staff_020_up_B.png,"[160, 160]","[80, 154]","[45, 76, 115, 154]",source_sheets/staff_sheet_3_of_4.png,"[1324, 235, 1460, 321]",2,8,crop_background_remove,False,False,not_original_game_verified,"{'method': 'one_pixel_white_matte_removal', 'removed_pixels': 261, 'interior_unchanged': True}"
staff_021,staff_021,down,A,sprites/staff_021_down_A.png,"[160, 160]","[80, 154]","[51, 62, 110, 154]",source_sheets/staff_sheet_3_of_4.png,"[322, 329, 459, 424]",3,1,crop_background_remove,False,False,not_original_game_verified,"{'method': 'one_pixel_white_matte_removal', 'removed_pixels': 287, 'interior_unchanged': True}"
staff_021,staff_021,down,B,sprites/staff_021_down_B.png,"[160, 160]","[80, 154]","[51, 62, 110, 154]",source_sheets/staff_sheet_3_of_4.png,"[467, 329, 613, 424]",3,2,crop_background_remove,False,False,not_original_game_verified,"{'method': 'one_pixel_white_matte_removal', 'removed_pixels': 289, 'interior_unchanged': True}"
staff_021,staff_021,left,A,sprites/staff_021_left_A.png,"[160, 160]","[80, 154]","[53, 62, 108, 154]",source_sheets/staff_sheet_3_of_4.png,"[621, 329, 755, 424]",3,3,crop_background_remove,False,False,not_original_game_verified,"{'method': 'one_pixel_white_matte_removal', 'removed_pixels': 291, 'interior_unchanged': True}"
staff_021,staff_021,left,B,sprites/staff_021_left_B.png,"[160, 160]","[80, 154]","[54, 62, 107, 154]",source_sheets/staff_sheet_3_of_4.png,"[1044, 329, 1176, 424]",3,6,crop_background_remove_and_mirror,True,False,not_original_game_verified,"{'method': 'one_pixel_white_matte_removal', 'removed_pixels': 272, 'interior_unchanged': True}"
staff_021,staff_021,right,A,sprites/staff_021_right_A.png,"[160, 160]","[80, 154]","[54, 62, 107, 154]",source_sheets/staff_sheet_3_of_4.png,"[905, 329, 1036, 424]",3,5,crop_background_remove,False,False,not_original_game_verified,"{'method': 'one_pixel_white_matte_removal', 'removed_pixels': 233, 'interior_unchanged': True}"
staff_021,staff_021,right,B,sprites/staff_021_right_B.png,"[160, 160]","[80, 154]","[54, 62, 107, 154]",source_sheets/staff_sheet_3_of_4.png,"[1044, 329, 1176, 424]",3,6,crop_background_remove,False,False,not_original_game_verified,"{'method': 'one_pixel_white_matte_removal', 'removed_pixels': 268, 'interior_unchanged': True}"
staff_021,staff_021,up,A,sprites/staff_021_up_A.png,"[160, 160]","[80, 154]","[51, 62, 109, 154]",source_sheets/staff_sheet_3_of_4.png,"[1184, 329, 1316, 424]",3,7,crop_background_remove,False,False,not_original_game_verified,"{'method': 'one_pixel_white_matte_removal', 'removed_pixels': 292, 'interior_unchanged': True}"
staff_021,staff_021,up,B,sprites/staff_021_up_B.png,"[160, 160]","[80, 154]","[51, 62, 109, 154]",source_sheets/staff_sheet_3_of_4.png,"[1324, 329, 1460, 424]",3,8,crop_background_remove,False,False,not_original_game_verified,"{'method': 'one_pixel_white_matte_removal', 'removed_pixels': 280, 'interior_unchanged': True}"
staff_022,staff_022,down,A,sprites/staff_022_down_A.png,"[160, 160]","[80, 154]","[49, 66, 111, 154]",source_sheets/staff_sheet_3_of_4.png,"[322, 432, 459, 522]",4,1,crop_background_remove,False,False,not_original_game_verified,"{'method': 'one_pixel_white_matte_removal', 'removed_pixels': 272, 'interior_unchanged': True}"
staff_022,staff_022,down,B,sprites/staff_022_down_B.png,"[160, 160]","[80, 154]","[49, 67, 112, 154]",source_sheets/staff_sheet_3_of_4.png,"[467, 432, 613, 522]",4,2,crop_background_remove,False,False,not_original_game_verified,"{'method': 'one_pixel_white_matte_removal', 'removed_pixels': 277, 'interior_unchanged': True}"
staff_022,staff_022,left,A,sprites/staff_022_left_A.png,"[160, 160]","[80, 154]","[51, 67, 110, 154]",source_sheets/staff_sheet_3_of_4.png,"[621, 432, 755, 522]",4,3,crop_background_remove,False,False,not_original_game_verified,"{'method': 'one_pixel_white_matte_removal', 'removed_pixels': 289, 'interior_unchanged': True}"
staff_022,staff_022,left,B,sprites/staff_022_left_B.png,"[160, 160]","[80, 154]","[52, 67, 109, 154]",source_sheets/staff_sheet_3_of_4.png,"[1044, 432, 1176, 522]",4,6,crop_background_remove_and_mirror,True,False,not_original_game_verified,"{'method': 'one_pixel_white_matte_removal', 'removed_pixels': 253, 'interior_unchanged': True}"
staff_022,staff_022,right,A,sprites/staff_022_right_A.png,"[160, 160]","[80, 154]","[52, 67, 109, 154]",source_sheets/staff_sheet_3_of_4.png,"[905, 432, 1036, 522]",4,5,crop_background_remove,False,False,not_original_game_verified,"{'method': 'one_pixel_white_matte_removal', 'removed_pixels': 236, 'interior_unchanged': True}"
staff_022,staff_022,right,B,sprites/staff_022_right_B.png,"[160, 160]","[80, 154]","[52, 67, 109, 154]",source_sheets/staff_sheet_3_of_4.png,"[1044, 432, 1176, 522]",4,6,crop_background_remove,False,False,not_original_game_verified,"{'method': 'one_pixel_white_matte_removal', 'removed_pixels': 252, 'interior_unchanged': True}"
staff_022,staff_022,up,A,sprites/staff_022_up_A.png,"[160, 160]","[80, 154]","[49, 67, 112, 154]",source_sheets/staff_sheet_3_of_4.png,"[1184, 432, 1316, 522]",4,7,crop_background_remove,False,False,not_original_game_verified,"{'method': 'one_pixel_white_matte_removal', 'removed_pixels': 280, 'interior_unchanged': True}"
staff_022,staff_022,up,B,sprites/staff_022_up_B.png,"[160, 160]","[80, 154]","[49, 67, 112, 154]",source_sheets/staff_sheet_3_of_4.png,"[1324, 432, 1460, 522]",4,8,crop_background_remove,False,False,not_original_game_verified,"{'method': 'one_pixel_white_matte_removal', 'removed_pixels': 254, 'interior_unchanged': True}"
staff_023,staff_023,down,A,sprites/staff_023_down_A.png,"[160, 160]","[80, 154]","[47, 64, 115, 154]",source_sheets/staff_sheet_3_of_4.png,"[322, 530, 459, 623]",5,1,crop_background_remove,False,False,not_original_game_verified,"{'method': 'one_pixel_white_matte_removal', 'removed_pixels': 320, 'interior_unchanged': True}"
staff_023,staff_023,down,B,sprites/staff_023_down_B.png,"[160, 160]","[80, 154]","[47, 64, 115, 154]",source_sheets/staff_sheet_3_of_4.png,"[467, 530, 613, 623]",5,2,crop_background_remove,False,False,not_original_game_verified,"{'method': 'one_pixel_white_matte_removal', 'removed_pixels': 287, 'interior_unchanged': True}"
staff_023,staff_023,left,A,sprites/staff_023_left_A.png,"[160, 160]","[80, 154]","[49, 64, 111, 154]",source_sheets/staff_sheet_3_of_4.png,"[621, 530, 755, 623]",5,3,crop_background_remove,False,False,not_original_game_verified,"{'method': 'one_pixel_white_matte_removal', 'removed_pixels': 303, 'interior_unchanged': True}"
staff_023,staff_023,left,B,sprites/staff_023_left_B.png,"[160, 160]","[80, 154]","[50, 64, 111, 154]",source_sheets/staff_sheet_3_of_4.png,"[1044, 530, 1176, 623]",5,6,crop_background_remove_and_mirror,True,False,not_original_game_verified,"{'method': 'one_pixel_white_matte_removal', 'removed_pixels': 283, 'interior_unchanged': True}"
staff_023,staff_023,right,A,sprites/staff_023_right_A.png,"[160, 160]","[80, 154]","[49, 64, 111, 154]",source_sheets/staff_sheet_3_of_4.png,"[905, 530, 1036, 623]",5,5,crop_background_remove,False,False,not_original_game_verified,"{'method': 'one_pixel_white_matte_removal', 'removed_pixels': 272, 'interior_unchanged': True}"
staff_023,staff_023,right,B,sprites/staff_023_right_B.png,"[160, 160]","[80, 154]","[50, 64, 111, 154]",source_sheets/staff_sheet_3_of_4.png,"[1044, 530, 1176, 623]",5,6,crop_background_remove,False,False,not_original_game_verified,"{'method': 'one_pixel_white_matte_removal', 'removed_pixels': 288, 'interior_unchanged': True}"
staff_023,staff_023,up,A,sprites/staff_023_up_A.png,"[160, 160]","[80, 154]","[46, 64, 114, 153]",source_sheets/staff_sheet_3_of_4.png,"[1184, 530, 1316, 623]",5,7,crop_background_remove,False,False,not_original_game_verified,"{'method': 'one_pixel_white_matte_removal', 'removed_pixels': 325, 'interior_unchanged': True}"
staff_023,staff_023,up,B,sprites/staff_023_up_B.png,"[160, 160]","[80, 154]","[46, 64, 114, 154]",source_sheets/staff_sheet_3_of_4.png,"[1324, 530, 1460, 623]",5,8,crop_background_remove,False,False,not_original_game_verified,"{'method': 'one_pixel_white_matte_removal', 'removed_pixels': 297, 'interior_unchanged': True}"
staff_024,staff_024,down,A,sprites/staff_024_down_A.png,"[160, 160]","[80, 154]","[49, 68, 111, 154]",source_sheets/staff_sheet_3_of_4.png,"[322, 631, 459, 717]",6,1,crop_background_remove,False,False,not_original_game_verified,"{'method': 'one_pixel_white_matte_removal', 'removed_pixels': 249, 'interior_unchanged': True}"
staff_024,staff_024,down,B,sprites/staff_024_down_B.png,"[160, 160]","[80, 154]","[49, 68, 112, 154]",source_sheets/staff_sheet_3_of_4.png,"[467, 631, 613, 717]",6,2,crop_background_remove,False,False,not_original_game_verified,"{'method': 'one_pixel_white_matte_removal', 'removed_pixels': 232, 'interior_unchanged': True}"
staff_024,staff_024,left,A,sprites/staff_024_left_A.png,"[160, 160]","[80, 154]","[52, 68, 109, 154]",source_sheets/staff_sheet_3_of_4.png,"[621, 631, 755, 717]",6,3,crop_background_remove,False,False,not_original_game_verified,"{'method': 'one_pixel_white_matte_removal', 'removed_pixels': 234, 'interior_unchanged': True}"
staff_024,staff_024,left,B,sprites/staff_024_left_B.png,"[160, 160]","[80, 154]","[52, 68, 109, 154]",source_sheets/staff_sheet_3_of_4.png,"[1044, 631, 1176, 717]",6,6,crop_background_remove_and_mirror,True,False,not_original_game_verified,"{'method': 'one_pixel_white_matte_removal', 'removed_pixels': 238, 'interior_unchanged': True}"
staff_024,staff_024,right,A,sprites/staff_024_right_A.png,"[160, 160]","[80, 154]","[52, 68, 110, 154]",source_sheets/staff_sheet_3_of_4.png,"[905, 631, 1036, 717]",6,5,crop_background_remove,False,False,not_original_game_verified,"{'method': 'one_pixel_white_matte_removal', 'removed_pixels': 228, 'interior_unchanged': True}"
staff_024,staff_024,right,B,sprites/staff_024_right_B.png,"[160, 160]","[80, 154]","[51, 68, 108, 154]",source_sheets/staff_sheet_3_of_4.png,"[1044, 631, 1176, 717]",6,6,crop_background_remove,False,False,not_original_game_verified,"{'method': 'one_pixel_white_matte_removal', 'removed_pixels': 241, 'interior_unchanged': True}"
staff_024,staff_024,up,A,sprites/staff_024_up_A.png,"[160, 160]","[80, 154]","[49, 68, 112, 154]",source_sheets/staff_sheet_3_of_4.png,"[1184, 631, 1316, 717]",6,7,crop_background_remove,False,False,not_original_game_verified,"{'method': 'one_pixel_white_matte_removal', 'removed_pixels': 247, 'interior_unchanged': True}"
staff_024,staff_024,up,B,sprites/staff_024_up_B.png,"[160, 160]","[80, 154]","[49, 68, 112, 154]",source_sheets/staff_sheet_3_of_4.png,"[1324, 631, 1460, 717]",6,8,crop_background_remove,False,False,not_original_game_verified,"{'method': 'one_pixel_white_matte_removal', 'removed_pixels': 230, 'interior_unchanged': True}"
staff_025,staff_025,down,A,sprites/staff_025_down_A.png,"[160, 160]","[80, 154]","[40, 70, 121, 154]",source_sheets/staff_sheet_3_of_4.png,"[322, 725, 459, 812]",7,1,crop_background_remove,False,False,not_original_game_verified,"{'method': 'one_pixel_white_matte_removal', 'removed_pixels': 327, 'interior_unchanged': True}"
staff_025,staff_025,down,B,sprites/staff_025_down_B.png,"[160, 160]","[80, 154]","[40, 70, 120, 154]",source_sheets/staff_sheet_3_of_4.png,"[467, 725, 613, 812]",7,2,crop_background_remove,False,False,not_original_game_verified,"{'method': 'one_pixel_white_matte_removal', 'removed_pixels': 341, 'interior_unchanged': True}"
staff_025,staff_025,left,A,sprites/staff_025_left_A.png,"[160, 160]","[80, 154]","[47, 70, 114, 154]",source_sheets/staff_sheet_3_of_4.png,"[621, 725, 755, 812]",7,3,crop_background_remove,False,False,not_original_game_verified,"{'method': 'one_pixel_white_matte_removal', 'removed_pixels': 317, 'interior_unchanged': True}"
staff_025,staff_025,left,B,sprites/staff_025_left_B.png,"[160, 160]","[80, 154]","[47, 70, 113, 154]",source_sheets/staff_sheet_3_of_4.png,"[1044, 725, 1176, 812]",7,6,crop_background_remove_and_mirror,True,False,not_original_game_verified,"{'method': 'one_pixel_white_matte_removal', 'removed_pixels': 305, 'interior_unchanged': True}"
staff_025,staff_025,right,A,sprites/staff_025_right_A.png,"[160, 160]","[80, 154]","[47, 69, 113, 154]",source_sheets/staff_sheet_3_of_4.png,"[905, 725, 1036, 812]",7,5,crop_background_remove,False,False,not_original_game_verified,"{'method': 'one_pixel_white_matte_removal', 'removed_pixels': 295, 'interior_unchanged': True}"
staff_025,staff_025,right,B,sprites/staff_025_right_B.png,"[160, 160]","[80, 154]","[47, 70, 113, 154]",source_sheets/staff_sheet_3_of_4.png,"[1044, 725, 1176, 812]",7,6,crop_background_remove,False,False,not_original_game_verified,"{'method': 'one_pixel_white_matte_removal', 'removed_pixels': 304, 'interior_unchanged': True}"
staff_025,staff_025,up,A,sprites/staff_025_up_A.png,"[160, 160]","[80, 154]","[42, 70, 118, 154]",source_sheets/staff_sheet_3_of_4.png,"[1184, 725, 1316, 812]",7,7,crop_background_remove,False,False,not_original_game_verified,"{'method': 'one_pixel_white_matte_removal', 'removed_pixels': 337, 'interior_unchanged': True}"
staff_025,staff_025,up,B,sprites/staff_025_up_B.png,"[160, 160]","[80, 154]","[43, 70, 118, 154]",source_sheets/staff_sheet_3_of_4.png,"[1324, 725, 1460, 812]",7,8,crop_background_remove,False,False,not_original_game_verified,"{'method': 'one_pixel_white_matte_removal', 'removed_pixels': 319, 'interior_unchanged': True}"
staff_026,staff_026,down,A,sprites/staff_026_down_A.png,"[160, 160]","[80, 154]","[44, 69, 116, 154]",source_sheets/staff_sheet_3_of_4.png,"[322, 820, 459, 908]",8,1,crop_background_remove,False,False,not_original_game_verified,"{'method': 'one_pixel_white_matte_removal', 'removed_pixels': 294, 'interior_unchanged': True}"
staff_026,staff_026,down,B,sprites/staff_026_down_B.png,"[160, 160]","[80, 154]","[45, 68, 116, 154]",source_sheets/staff_sheet_3_of_4.png,"[467, 820, 613, 908]",8,2,crop_background_remove,False,False,not_original_game_verified,"{'method': 'one_pixel_white_matte_removal', 'removed_pixels': 277, 'interior_unchanged': True}"
staff_026,staff_026,left,A,sprites/staff_026_left_A.png,"[160, 160]","[80, 154]","[49, 68, 112, 154]",source_sheets/staff_sheet_3_of_4.png,"[621, 820, 755, 908]",8,3,crop_background_remove,False,False,not_original_game_verified,"{'method': 'one_pixel_white_matte_removal', 'removed_pixels': 287, 'interior_unchanged': True}"
staff_026,staff_026,left,B,sprites/staff_026_left_B.png,"[160, 160]","[80, 154]","[49, 68, 112, 154]",source_sheets/staff_sheet_3_of_4.png,"[1044, 820, 1176, 908]",8,6,crop_background_remove_and_mirror,True,False,not_original_game_verified,"{'method': 'one_pixel_white_matte_removal', 'removed_pixels': 273, 'interior_unchanged': True}"
staff_026,staff_026,right,A,sprites/staff_026_right_A.png,"[160, 160]","[80, 154]","[49, 69, 112, 154]",source_sheets/staff_sheet_3_of_4.png,"[905, 820, 1036, 908]",8,5,crop_background_remove,False,False,not_original_game_verified,"{'method': 'one_pixel_white_matte_removal', 'removed_pixels': 264, 'interior_unchanged': True}"
staff_026,staff_026,right,B,sprites/staff_026_right_B.png,"[160, 160]","[80, 154]","[49, 68, 112, 154]",source_sheets/staff_sheet_3_of_4.png,"[1044, 820, 1176, 908]",8,6,crop_background_remove,False,False,not_original_game_verified,"{'method': 'one_pixel_white_matte_removal', 'removed_pixels': 275, 'interior_unchanged': True}"
staff_026,staff_026,up,A,sprites/staff_026_up_A.png,"[160, 160]","[80, 154]","[45, 68, 115, 154]",source_sheets/staff_sheet_3_of_4.png,"[1184, 820, 1316, 908]",8,7,crop_background_remove,False,False,not_original_game_verified,"{'method': 'one_pixel_white_matte_removal', 'removed_pixels': 293, 'interior_unchanged': True}"
staff_026,staff_026,up,B,sprites/staff_026_up_B.png,"[160, 160]","[80, 154]","[46, 69, 115, 154]",source_sheets/staff_sheet_3_of_4.png,"[1324, 820, 1460, 908]",8,8,crop_background_remove,False,False,not_original_game_verified,"{'method': 'one_pixel_white_matte_removal', 'removed_pixels': 286, 'interior_unchanged': True}"
staff_027,staff_027,down,A,sprites/staff_027_down_A.png,"[160, 160]","[80, 154]","[44, 63, 117, 154]",source_sheets/staff_sheet_3_of_4.png,"[322, 916, 459, 1011]",9,1,crop_background_remove,False,False,not_original_game_verified,"{'method': 'one_pixel_white_matte_removal', 'removed_pixels': 336, 'interior_unchanged': True}"
staff_027,staff_027,down,B,sprites/staff_027_down_B.png,"[160, 160]","[80, 154]","[43, 63, 117, 154]",source_sheets/staff_sheet_3_of_4.png,"[467, 916, 613, 1011]",9,2,crop_background_remove,False,False,not_original_game_verified,"{'method': 'one_pixel_white_matte_removal', 'removed_pixels': 305, 'interior_unchanged': True}"
staff_027,staff_027,left,A,sprites/staff_027_left_A.png,"[160, 160]","[80, 154]","[45, 62, 115, 154]",source_sheets/staff_sheet_3_of_4.png,"[621, 916, 755, 1011]",9,3,crop_background_remove,False,False,not_original_game_verified,"{'method': 'one_pixel_white_matte_removal', 'removed_pixels': 328, 'interior_unchanged': True}"
staff_027,staff_027,left,B,sprites/staff_027_left_B.png,"[160, 160]","[80, 154]","[45, 62, 115, 154]",source_sheets/staff_sheet_3_of_4.png,"[1044, 916, 1176, 1011]",9,6,crop_background_remove_and_mirror,True,False,not_original_game_verified,"{'method': 'one_pixel_white_matte_removal', 'removed_pixels': 326, 'interior_unchanged': True}"
staff_027,staff_027,right,A,sprites/staff_027_right_A.png,"[160, 160]","[80, 154]","[45, 62, 115, 154]",source_sheets/staff_sheet_3_of_4.png,"[905, 916, 1036, 1011]",9,5,crop_background_remove,False,False,not_original_game_verified,"{'method': 'one_pixel_white_matte_removal', 'removed_pixels': 292, 'interior_unchanged': True}"
staff_027,staff_027,right,B,sprites/staff_027_right_B.png,"[160, 160]","[80, 154]","[45, 62, 115, 154]",source_sheets/staff_sheet_3_of_4.png,"[1044, 916, 1176, 1011]",9,6,crop_background_remove,False,False,not_original_game_verified,"{'method': 'one_pixel_white_matte_removal', 'removed_pixels': 325, 'interior_unchanged': True}"
staff_027,staff_027,up,A,sprites/staff_027_up_A.png,"[160, 160]","[80, 154]","[46, 62, 115, 153]",source_sheets/staff_sheet_3_of_4.png,"[1184, 916, 1316, 1011]",9,7,crop_background_remove,False,False,not_original_game_verified,"{'method': 'one_pixel_white_matte_removal', 'removed_pixels': 354, 'interior_unchanged': True}"
staff_027,staff_027,up,B,sprites/staff_027_up_B.png,"[160, 160]","[80, 154]","[46, 62, 115, 153]",source_sheets/staff_sheet_3_of_4.png,"[1324, 916, 1460, 1011]",9,8,crop_background_remove,False,False,not_original_game_verified,"{'method': 'one_pixel_white_matte_removal', 'removed_pixels': 328, 'interior_unchanged': True}"
staff_028,staff_028,down,A,sprites/staff_028_down_A.png,"[160, 160]","[80, 154]","[44, 62, 117, 154]",source_sheets/staff_sheet_4_of_4.png,"[307, 139, 447, 237]",1,1,crop_background_remove,False,False,not_original_game_verified,"{'method': 'one_pixel_white_matte_removal', 'removed_pixels': 298, 'interior_unchanged': True}"
staff_028,staff_028,down,B,sprites/staff_028_down_B.png,"[160, 160]","[80, 154]","[44, 62, 117, 154]",source_sheets/staff_sheet_4_of_4.png,"[455, 139, 597, 237]",1,2,crop_background_remove,False,False,not_original_game_verified,"{'method': 'one_pixel_white_matte_removal', 'removed_pixels': 239, 'interior_unchanged': True}"
staff_028,staff_028,left,A,sprites/staff_028_left_A.png,"[160, 160]","[80, 154]","[47, 62, 113, 154]",source_sheets/staff_sheet_4_of_4.png,"[605, 139, 743, 237]",1,3,crop_background_remove,False,False,not_original_game_verified,"{'method': 'one_pixel_white_matte_removal', 'removed_pixels': 310, 'interior_unchanged': True}"
staff_028,staff_028,left,B,sprites/staff_028_left_B.png,"[160, 160]","[80, 154]","[47, 63, 113, 154]",source_sheets/staff_sheet_4_of_4.png,"[1039, 139, 1175, 237]",1,6,crop_background_remove_and_mirror,True,False,not_original_game_verified,"{'method': 'one_pixel_white_matte_removal', 'removed_pixels': 295, 'interior_unchanged': True}"
staff_028,staff_028,right,A,sprites/staff_028_right_A.png,"[160, 160]","[80, 154]","[47, 62, 113, 154]",source_sheets/staff_sheet_4_of_4.png,"[605, 139, 743, 237]",1,3,crop_background_remove_and_mirror,True,False,not_original_game_verified,"{'method': 'one_pixel_white_matte_removal', 'removed_pixels': 310, 'interior_unchanged': True}"
staff_028,staff_028,right,B,sprites/staff_028_right_B.png,"[160, 160]","[80, 154]","[47, 63, 113, 154]",source_sheets/staff_sheet_4_of_4.png,"[1039, 139, 1175, 237]",1,6,crop_background_remove,False,False,not_original_game_verified,"{'method': 'one_pixel_white_matte_removal', 'removed_pixels': 295, 'interior_unchanged': True}"
staff_028,staff_028,up,A,sprites/staff_028_up_A.png,"[160, 160]","[80, 154]","[45, 62, 116, 154]",source_sheets/staff_sheet_4_of_4.png,"[1183, 139, 1317, 237]",1,7,crop_background_remove,False,False,not_original_game_verified,"{'method': 'one_pixel_white_matte_removal', 'removed_pixels': 302, 'interior_unchanged': True}"
staff_028,staff_028,up,B,sprites/staff_028_up_B.png,"[160, 160]","[80, 154]","[45, 62, 116, 154]",source_sheets/staff_sheet_4_of_4.png,"[1325, 139, 1459, 237]",1,8,crop_background_remove,False,False,not_original_game_verified,"{'method': 'one_pixel_white_matte_removal', 'removed_pixels': 266, 'interior_unchanged': True}"
staff_029,staff_029,down,A,sprites/staff_029_down_A.png,"[160, 160]","[80, 154]","[43, 60, 117, 154]",source_sheets/staff_sheet_4_of_4.png,"[307, 245, 447, 342]",2,1,crop_background_remove,False,False,not_original_game_verified,"{'method': 'one_pixel_white_matte_removal', 'removed_pixels': 341, 'interior_unchanged': True}"
staff_029,staff_029,down,B,sprites/staff_029_down_B.png,"[160, 160]","[80, 154]","[43, 60, 118, 154]",source_sheets/staff_sheet_4_of_4.png,"[455, 245, 597, 342]",2,2,crop_background_remove,False,False,not_original_game_verified,"{'method': 'one_pixel_white_matte_removal', 'removed_pixels': 308, 'interior_unchanged': True}"
staff_029,staff_029,left,A,sprites/staff_029_left_A.png,"[160, 160]","[80, 154]","[47, 62, 114, 153]",source_sheets/staff_sheet_4_of_4.png,"[605, 245, 743, 342]",2,3,crop_background_remove,False,False,not_original_game_verified,"{'method': 'one_pixel_white_matte_removal', 'removed_pixels': 335, 'interior_unchanged': True}"
staff_029,staff_029,left,B,sprites/staff_029_left_B.png,"[160, 160]","[80, 154]","[47, 61, 113, 153]",source_sheets/staff_sheet_4_of_4.png,"[1039, 245, 1175, 342]",2,6,crop_background_remove_and_mirror,True,False,not_original_game_verified,"{'method': 'one_pixel_white_matte_removal', 'removed_pixels': 340, 'interior_unchanged': True}"
staff_029,staff_029,right,A,sprites/staff_029_right_A.png,"[160, 160]","[80, 154]","[47, 62, 114, 153]",source_sheets/staff_sheet_4_of_4.png,"[605, 245, 743, 342]",2,3,crop_background_remove_and_mirror,True,False,not_original_game_verified,"{'method': 'one_pixel_white_matte_removal', 'removed_pixels': 336, 'interior_unchanged': True}"
staff_029,staff_029,right,B,sprites/staff_029_right_B.png,"[160, 160]","[80, 154]","[47, 61, 113, 153]",source_sheets/staff_sheet_4_of_4.png,"[1039, 245, 1175, 342]",2,6,crop_background_remove,False,False,not_original_game_verified,"{'method': 'one_pixel_white_matte_removal', 'removed_pixels': 340, 'interior_unchanged': True}"
staff_029,staff_029,up,A,sprites/staff_029_up_A.png,"[160, 160]","[80, 154]","[44, 60, 117, 154]",source_sheets/staff_sheet_4_of_4.png,"[1183, 245, 1317, 342]",2,7,crop_background_remove,False,False,not_original_game_verified,"{'method': 'one_pixel_white_matte_removal', 'removed_pixels': 349, 'interior_unchanged': True}"
staff_029,staff_029,up,B,sprites/staff_029_up_B.png,"[160, 160]","[80, 154]","[43, 60, 117, 154]",source_sheets/staff_sheet_4_of_4.png,"[1325, 245, 1459, 342]",2,8,crop_background_remove,False,False,not_original_game_verified,"{'method': 'one_pixel_white_matte_removal', 'removed_pixels': 334, 'interior_unchanged': True}"
staff_030,staff_030,down,A,sprites/staff_030_down_A.png,"[160, 160]","[80, 154]","[43, 55, 117, 154]",source_sheets/staff_sheet_4_of_4.png,"[307, 350, 447, 450]",3,1,crop_background_remove,False,False,not_original_game_verified,"{'method': 'one_pixel_white_matte_removal', 'removed_pixels': 311, 'interior_unchanged': True}"
staff_030,staff_030,down,B,sprites/staff_030_down_B.png,"[160, 160]","[80, 154]","[44, 56, 117, 154]",source_sheets/staff_sheet_4_of_4.png,"[455, 350, 597, 450]",3,2,crop_background_remove,False,False,not_original_game_verified,"{'method': 'one_pixel_white_matte_removal', 'removed_pixels': 305, 'interior_unchanged': True}"
staff_030,staff_030,left,A,sprites/staff_030_left_A.png,"[160, 160]","[80, 154]","[46, 56, 115, 153]",source_sheets/staff_sheet_4_of_4.png,"[605, 350, 743, 450]",3,3,crop_background_remove,False,False,not_original_game_verified,"{'method': 'one_pixel_white_matte_removal', 'removed_pixels': 360, 'interior_unchanged': True}"
staff_030,staff_030,left,B,sprites/staff_030_left_B.png,"[160, 160]","[80, 154]","[47, 57, 115, 153]",source_sheets/staff_sheet_4_of_4.png,"[1039, 350, 1175, 450]",3,6,crop_background_remove_and_mirror,True,False,not_original_game_verified,"{'method': 'one_pixel_white_matte_removal', 'removed_pixels': 332, 'interior_unchanged': True}"
staff_030,staff_030,right,A,sprites/staff_030_right_A.png,"[160, 160]","[80, 154]","[46, 56, 115, 153]",source_sheets/staff_sheet_4_of_4.png,"[605, 350, 743, 450]",3,3,crop_background_remove_and_mirror,True,False,not_original_game_verified,"{'method': 'one_pixel_white_matte_removal', 'removed_pixels': 353, 'interior_unchanged': True}"
staff_030,staff_030,right,B,sprites/staff_030_right_B.png,"[160, 160]","[80, 154]","[46, 57, 114, 153]",source_sheets/staff_sheet_4_of_4.png,"[1039, 350, 1175, 450]",3,6,crop_background_remove,False,False,not_original_game_verified,"{'method': 'one_pixel_white_matte_removal', 'removed_pixels': 333, 'interior_unchanged': True}"
staff_030,staff_030,up,A,sprites/staff_030_up_A.png,"[160, 160]","[80, 154]","[44, 57, 117, 152]",source_sheets/staff_sheet_4_of_4.png,"[1183, 350, 1317, 450]",3,7,crop_background_remove,False,False,not_original_game_verified,"{'method': 'one_pixel_white_matte_removal', 'removed_pixels': 358, 'interior_unchanged': True}"
staff_030,staff_030,up,B,sprites/staff_030_up_B.png,"[160, 160]","[80, 154]","[43, 57, 117, 153]",source_sheets/staff_sheet_4_of_4.png,"[1325, 350, 1459, 450]",3,8,crop_background_remove,False,False,not_original_game_verified,"{'method': 'one_pixel_white_matte_removal', 'removed_pixels': 333, 'interior_unchanged': True}"
staff_031,staff_031,down,A,sprites/staff_031_down_A.png,"[160, 160]","[80, 154]","[45, 57, 116, 154]",source_sheets/staff_sheet_4_of_4.png,"[307, 458, 447, 557]",4,1,crop_background_remove,False,False,not_original_game_verified,"{'method': 'one_pixel_white_matte_removal', 'removed_pixels': 331, 'interior_unchanged': True}"
staff_031,staff_031,down,B,sprites/staff_031_down_B.png,"[160, 160]","[80, 154]","[45, 57, 117, 154]",source_sheets/staff_sheet_4_of_4.png,"[455, 458, 597, 557]",4,2,crop_background_remove,False,False,not_original_game_verified,"{'method': 'one_pixel_white_matte_removal', 'removed_pixels': 303, 'interior_unchanged': True}"
staff_031,staff_031,left,A,sprites/staff_031_left_A.png,"[160, 160]","[80, 154]","[46, 57, 115, 154]",source_sheets/staff_sheet_4_of_4.png,"[605, 458, 743, 557]",4,3,crop_background_remove,False,False,not_original_game_verified,"{'method': 'one_pixel_white_matte_removal', 'removed_pixels': 340, 'interior_unchanged': True}"
staff_031,staff_031,left,B,sprites/staff_031_left_B.png,"[160, 160]","[80, 154]","[47, 57, 114, 154]",source_sheets/staff_sheet_4_of_4.png,"[1039, 458, 1175, 557]",4,6,crop_background_remove_and_mirror,True,False,not_original_game_verified,"{'method': 'one_pixel_white_matte_removal', 'removed_pixels': 330, 'interior_unchanged': True}"
staff_031,staff_031,right,A,sprites/staff_031_right_A.png,"[160, 160]","[80, 154]","[46, 57, 115, 154]",source_sheets/staff_sheet_4_of_4.png,"[605, 458, 743, 557]",4,3,crop_background_remove_and_mirror,True,False,not_original_game_verified,"{'method': 'one_pixel_white_matte_removal', 'removed_pixels': 342, 'interior_unchanged': True}"
staff_031,staff_031,right,B,sprites/staff_031_right_B.png,"[160, 160]","[80, 154]","[47, 57, 114, 154]",source_sheets/staff_sheet_4_of_4.png,"[1039, 458, 1175, 557]",4,6,crop_background_remove,False,False,not_original_game_verified,"{'method': 'one_pixel_white_matte_removal', 'removed_pixels': 325, 'interior_unchanged': True}"
staff_031,staff_031,up,A,sprites/staff_031_up_A.png,"[160, 160]","[80, 154]","[45, 57, 115, 154]",source_sheets/staff_sheet_4_of_4.png,"[1183, 458, 1317, 557]",4,7,crop_background_remove,False,False,not_original_game_verified,"{'method': 'one_pixel_white_matte_removal', 'removed_pixels': 343, 'interior_unchanged': True}"
staff_031,staff_031,up,B,sprites/staff_031_up_B.png,"[160, 160]","[80, 154]","[45, 58, 116, 153]",source_sheets/staff_sheet_4_of_4.png,"[1325, 458, 1459, 557]",4,8,crop_background_remove,False,False,not_original_game_verified,"{'method': 'one_pixel_white_matte_removal', 'removed_pixels': 354, 'interior_unchanged': True}"
staff_032,staff_032,down,A,sprites/staff_032_down_A.png,"[160, 160]","[80, 154]","[39, 61, 121, 154]",source_sheets/staff_sheet_4_of_4.png,"[307, 565, 447, 664]",5,1,crop_background_remove,False,False,not_original_game_verified,"{'method': 'one_pixel_white_matte_removal', 'removed_pixels': 328, 'interior_unchanged': True}"
staff_032,staff_032,down,B,sprites/staff_032_down_B.png,"[160, 160]","[80, 154]","[40, 61, 121, 154]",source_sheets/staff_sheet_4_of_4.png,"[455, 565, 597, 664]",5,2,crop_background_remove,False,False,not_original_game_verified,"{'method': 'one_pixel_white_matte_removal', 'removed_pixels': 304, 'interior_unchanged': True}"
staff_032,staff_032,left,A,sprites/staff_032_left_A.png,"[160, 160]","[80, 154]","[44, 61, 117, 153]",source_sheets/staff_sheet_4_of_4.png,"[605, 565, 743, 664]",5,3,crop_background_remove,False,False,not_original_game_verified,"{'method': 'one_pixel_white_matte_removal', 'removed_pixels': 330, 'interior_unchanged': True}"
staff_032,staff_032,left,B,sprites/staff_032_left_B.png,"[160, 160]","[80, 154]","[44, 61, 117, 154]",source_sheets/staff_sheet_4_of_4.png,"[1039, 565, 1175, 664]",5,6,crop_background_remove_and_mirror,True,False,not_original_game_verified,"{'method': 'one_pixel_white_matte_removal', 'removed_pixels': 324, 'interior_unchanged': True}"
staff_032,staff_032,right,A,sprites/staff_032_right_A.png,"[160, 160]","[80, 154]","[44, 61, 117, 153]",source_sheets/staff_sheet_4_of_4.png,"[605, 565, 743, 664]",5,3,crop_background_remove_and_mirror,True,False,not_original_game_verified,"{'method': 'one_pixel_white_matte_removal', 'removed_pixels': 332, 'interior_unchanged': True}"
staff_032,staff_032,right,B,sprites/staff_032_right_B.png,"[160, 160]","[80, 154]","[44, 61, 117, 154]",source_sheets/staff_sheet_4_of_4.png,"[1039, 565, 1175, 664]",5,6,crop_background_remove,False,False,not_original_game_verified,"{'method': 'one_pixel_white_matte_removal', 'removed_pixels': 337, 'interior_unchanged': True}"
staff_032,staff_032,up,A,sprites/staff_032_up_A.png,"[160, 160]","[80, 154]","[43, 61, 118, 153]",source_sheets/staff_sheet_4_of_4.png,"[1183, 565, 1317, 664]",5,7,crop_background_remove,False,False,not_original_game_verified,"{'method': 'one_pixel_white_matte_removal', 'removed_pixels': 333, 'interior_unchanged': True}"
staff_032,staff_032,up,B,sprites/staff_032_up_B.png,"[160, 160]","[80, 154]","[42, 61, 118, 153]",source_sheets/staff_sheet_4_of_4.png,"[1325, 565, 1459, 664]",5,8,crop_background_remove,False,False,not_original_game_verified,"{'method': 'one_pixel_white_matte_removal', 'removed_pixels': 331, 'interior_unchanged': True}"
staff_033,staff_033,down,A,sprites/staff_033_down_A.png,"[160, 160]","[80, 154]","[43, 58, 117, 153]",source_sheets/staff_sheet_4_of_4.png,"[307, 672, 447, 772]",6,1,crop_background_remove,False,False,not_original_game_verified,"{'method': 'one_pixel_white_matte_removal', 'removed_pixels': 371, 'interior_unchanged': True}"
staff_033,staff_033,down,B,sprites/staff_033_down_B.png,"[160, 160]","[80, 154]","[43, 58, 117, 153]",source_sheets/staff_sheet_4_of_4.png,"[455, 672, 597, 772]",6,2,crop_background_remove,False,False,not_original_game_verified,"{'method': 'one_pixel_white_matte_removal', 'removed_pixels': 313, 'interior_unchanged': True}"
staff_033,staff_033,left,A,sprites/staff_033_left_A.png,"[160, 160]","[80, 154]","[45, 59, 116, 153]",source_sheets/staff_sheet_4_of_4.png,"[605, 672, 743, 772]",6,3,crop_background_remove,False,False,not_original_game_verified,"{'method': 'one_pixel_white_matte_removal', 'removed_pixels': 354, 'interior_unchanged': True}"
staff_033,staff_033,left,B,sprites/staff_033_left_B.png,"[160, 160]","[80, 154]","[45, 59, 116, 153]",source_sheets/staff_sheet_4_of_4.png,"[1039, 672, 1175, 772]",6,6,crop_background_remove_and_mirror,True,False,not_original_game_verified,"{'method': 'one_pixel_white_matte_removal', 'removed_pixels': 315, 'interior_unchanged': True}"
staff_033,staff_033,right,A,sprites/staff_033_right_A.png,"[160, 160]","[80, 154]","[45, 59, 116, 153]",source_sheets/staff_sheet_4_of_4.png,"[605, 672, 743, 772]",6,3,crop_background_remove_and_mirror,True,False,not_original_game_verified,"{'method': 'one_pixel_white_matte_removal', 'removed_pixels': 351, 'interior_unchanged': True}"
staff_033,staff_033,right,B,sprites/staff_033_right_B.png,"[160, 160]","[80, 154]","[44, 59, 115, 153]",source_sheets/staff_sheet_4_of_4.png,"[1039, 672, 1175, 772]",6,6,crop_background_remove,False,False,not_original_game_verified,"{'method': 'one_pixel_white_matte_removal', 'removed_pixels': 314, 'interior_unchanged': True}"
staff_033,staff_033,up,A,sprites/staff_033_up_A.png,"[160, 160]","[80, 154]","[44, 61, 116, 153]",source_sheets/staff_sheet_4_of_4.png,"[1183, 672, 1317, 772]",6,7,crop_background_remove,False,False,not_original_game_verified,"{'method': 'one_pixel_white_matte_removal', 'removed_pixels': 334, 'interior_unchanged': True}"
staff_033,staff_033,up,B,sprites/staff_033_up_B.png,"[160, 160]","[80, 154]","[45, 62, 117, 154]",source_sheets/staff_sheet_4_of_4.png,"[1325, 672, 1459, 772]",6,8,crop_background_remove,False,False,not_original_game_verified,"{'method': 'one_pixel_white_matte_removal', 'removed_pixels': 323, 'interior_unchanged': True}"
staff_034,staff_034,down,A,sprites/staff_034_down_A.png,"[160, 160]","[80, 154]","[43, 55, 118, 153]",source_sheets/staff_sheet_4_of_4.png,"[307, 780, 447, 879]",7,1,crop_background_remove,False,False,not_original_game_verified,"{'method': 'one_pixel_white_matte_removal', 'removed_pixels': 413, 'interior_unchanged': True}"
staff_034,staff_034,down,B,sprites/staff_034_down_B.png,"[160, 160]","[80, 154]","[43, 55, 118, 154]",source_sheets/staff_sheet_4_of_4.png,"[455, 780, 597, 879]",7,2,crop_background_remove,False,False,not_original_game_verified,"{'method': 'one_pixel_white_matte_removal', 'removed_pixels': 357, 'interior_unchanged': True}"
staff_034,staff_034,left,A,sprites/staff_034_left_A.png,"[160, 160]","[80, 154]","[46, 55, 114, 153]",source_sheets/staff_sheet_4_of_4.png,"[605, 780, 743, 879]",7,3,crop_background_remove,False,False,not_original_game_verified,"{'method': 'one_pixel_white_matte_removal', 'removed_pixels': 406, 'interior_unchanged': True}"
staff_034,staff_034,left,B,sprites/staff_034_left_B.png,"[160, 160]","[80, 154]","[47, 56, 114, 153]",source_sheets/staff_sheet_4_of_4.png,"[1039, 780, 1175, 879]",7,6,crop_background_remove_and_mirror,True,False,not_original_game_verified,"{'method': 'one_pixel_white_matte_removal', 'removed_pixels': 375, 'interior_unchanged': True}"
staff_034,staff_034,right,A,sprites/staff_034_right_A.png,"[160, 160]","[80, 154]","[46, 55, 114, 153]",source_sheets/staff_sheet_4_of_4.png,"[605, 780, 743, 879]",7,3,crop_background_remove_and_mirror,True,False,not_original_game_verified,"{'method': 'one_pixel_white_matte_removal', 'removed_pixels': 407, 'interior_unchanged': True}"
staff_034,staff_034,right,B,sprites/staff_034_right_B.png,"[160, 160]","[80, 154]","[47, 56, 114, 153]",source_sheets/staff_sheet_4_of_4.png,"[1039, 780, 1175, 879]",7,6,crop_background_remove,False,False,not_original_game_verified,"{'method': 'one_pixel_white_matte_removal', 'removed_pixels': 374, 'interior_unchanged': True}"
staff_034,staff_034,up,A,sprites/staff_034_up_A.png,"[160, 160]","[80, 154]","[43, 57, 118, 153]",source_sheets/staff_sheet_4_of_4.png,"[1183, 780, 1317, 879]",7,7,crop_background_remove,False,False,not_original_game_verified,"{'method': 'one_pixel_white_matte_removal', 'removed_pixels': 426, 'interior_unchanged': True}"
staff_034,staff_034,up,B,sprites/staff_034_up_B.png,"[160, 160]","[80, 154]","[43, 57, 117, 153]",source_sheets/staff_sheet_4_of_4.png,"[1325, 780, 1459, 879]",7,8,crop_background_remove,False,False,not_original_game_verified,"{'method': 'one_pixel_white_matte_removal', 'removed_pixels': 402, 'interior_unchanged': True}"
staff_035,staff_035,down,A,sprites/staff_035_down_A.png,"[160, 160]","[80, 154]","[40, 50, 121, 154]",source_sheets/staff_sheet_4_of_4.png,"[307, 887, 447, 995]",8,1,crop_background_remove,False,False,not_original_game_verified,"{'method': 'one_pixel_white_matte_removal', 'removed_pixels': 373, 'interior_unchanged': True}"
staff_035,staff_035,down,B,sprites/staff_035_down_B.png,"[160, 160]","[80, 154]","[40, 50, 120, 154]",source_sheets/staff_sheet_4_of_4.png,"[455, 887, 597, 995]",8,2,crop_background_remove,False,False,not_original_game_verified,"{'method': 'one_pixel_white_matte_removal', 'removed_pixels': 311, 'interior_unchanged': True}"
staff_035,staff_035,left,A,sprites/staff_035_left_A.png,"[160, 160]","[80, 154]","[43, 50, 117, 154]",source_sheets/staff_sheet_4_of_4.png,"[605, 887, 743, 995]",8,3,crop_background_remove,False,False,not_original_game_verified,"{'method': 'one_pixel_white_matte_removal', 'removed_pixels': 358, 'interior_unchanged': True}"
staff_035,staff_035,left,B,sprites/staff_035_left_B.png,"[160, 160]","[80, 154]","[45, 50, 116, 153]",source_sheets/staff_sheet_4_of_4.png,"[1039, 887, 1175, 995]",8,6,crop_background_remove_and_mirror,True,False,not_original_game_verified,"{'method': 'one_pixel_white_matte_removal', 'removed_pixels': 349, 'interior_unchanged': True}"
staff_035,staff_035,right,A,sprites/staff_035_right_A.png,"[160, 160]","[80, 154]","[43, 50, 117, 154]",source_sheets/staff_sheet_4_of_4.png,"[605, 887, 743, 995]",8,3,crop_background_remove_and_mirror,True,False,not_original_game_verified,"{'method': 'one_pixel_white_matte_removal', 'removed_pixels': 360, 'interior_unchanged': True}"
staff_035,staff_035,right,B,sprites/staff_035_right_B.png,"[160, 160]","[80, 154]","[45, 50, 116, 153]",source_sheets/staff_sheet_4_of_4.png,"[1039, 887, 1175, 995]",8,6,crop_background_remove,False,False,not_original_game_verified,"{'method': 'one_pixel_white_matte_removal', 'removed_pixels': 347, 'interior_unchanged': True}"
staff_035,staff_035,up,A,sprites/staff_035_up_A.png,"[160, 160]","[80, 154]","[42, 50, 119, 153]",source_sheets/staff_sheet_4_of_4.png,"[1183, 887, 1317, 995]",8,7,crop_background_remove,False,False,not_original_game_verified,"{'method': 'one_pixel_white_matte_removal', 'removed_pixels': 368, 'interior_unchanged': True}"
staff_035,staff_035,up,B,sprites/staff_035_up_B.png,"[160, 160]","[80, 154]","[42, 51, 118, 154]",source_sheets/staff_sheet_4_of_4.png,"[1325, 887, 1459, 995]",8,8,crop_background_remove,False,False,not_original_game_verified,"{'method': 'one_pixel_white_matte_removal', 'removed_pixels': 321, 'interior_unchanged': True}"
